timestamp,mid_price,volume
1706054400000T,39881.95,439.561
1706054460000T,39926.55,776.492
1706054520000T,39877.05,339.306
1706054580000T,39927.45,246.511
1706054640000T,39926.55,423.92
1706054700000T,39911.15,241.68
1706054760000T,39945.15,333.421
1706054820000T,39938.65,198.849
1706054880000T,39940.25,169.794
1706054940000T,39892.75,278.348
1706055000000T,39882.55,263.873
1706055060000T,39826.15,366.953
1706055120000T,39812.55,427.323
1706055180000T,39815.15,450.674
1706055240000T,39807.95,154.841
1706055300000T,39806.15,215.113
1706055360000T,39797.35,180.062
1706055420000T,39787.25,108.264
1706055480000T,39821.25,290.753
1706055540000T,39837.65,150.357
1706055600000T,39860.85,168.966
1706055660000T,39886.35,271.333
1706055720000T,39921.25,251.341
1706055780000T,39893.95,274.766
1706055840000T,39888.85,113.301
1706055900000T,39857.95,211.453
1706055960000T,39874.85,243.46
1706056020000T,39863.75,164.583
1706056080000T,39865.65,77.399
1706056140000T,39880.95,82.555
1706056200000T,39917.25,141.721
1706056260000T,39930.05,182.575
1706056320000T,39949.95,234.086
1706056380000T,39898.75,306.857
1706056440000T,39928.45,116.273
1706056500000T,39947.35,128.434
1706056560000T,39935.95,103.32
1706056620000T,39947.95,100.83
1706056680000T,39939.55,91.353
1706056740000T,39944.65,80.824
1706056800000T,39942.55,126.396
1706056860000T,39949.85,70.762
1706056920000T,39965.45,92.705
1706056980000T,39967.95,393.11
1706057040000T,39996.95,426.793
1706057100000T,39988.05,400.431
1706057160000T,40027.45,949.692
1706057220000T,40063.25,674.679
1706057280000T,40053.15,361.794
1706057340000T,40089.95,378.421
1706057400000T,40118.25,1055.899
1706057460000T,40161.65,603.057
1706057520000T,40209.35,1542.652
1706057580000T,40225.85,702.812
1706057640000T,40197.05,498.747
1706057700000T,40150.05,686.252
1706057760000T,40153.85,254.276
1706057820000T,40168.75,539.588
1706057880000T,40212.25,210.633
1706057940000T,40166.85,455.74
1706058000000T,40125.05,372.942
1706058060000T,40110.15,628.915
1706058120000T,40062.95,441.34
1706058180000T,40040.05,404.458
1706058240000T,40058.95,193.377
1706058300000T,40056.75,197.675
1706058360000T,40038.95,328.982
1706058420000T,40045.15,307.373
1706058480000T,40012.25,417.058
1706058540000T,40009.05,263.904
1706058600000T,39994.55,383.919
1706058660000T,39965.05,292.789
1706058720000T,39937.05,424.327
1706058780000T,39952.55,274.041
1706058840000T,39962.15,162.78
1706058900000T,39934.55,257.588
1706058960000T,39933.85,501.098
1706059020000T,39945.45,154.363
1706059080000T,39912.75,201.215
1706059140000T,39890.25,150.844
1706059200000T,39833.05,834.573
1706059260000T,39879.35,281.029
1706059320000T,39893.95,161.85
1706059380000T,39897.25,304.083
1706059440000T,39897.25,241.322
1706059500000T,39906.25,232.133
1706059560000T,39927.95,155.428
1706059620000T,39937.95,243.106
1706059680000T,39912.65,181.339
1706059740000T,39942.25,341.44
1706059800000T,39953.25,208.412
1706059860000T,39941.55,157.401
1706059920000T,39951.65,156.589
1706059980000T,39952.55,94.195
1706060040000T,39915.65,160.684
1706060100000T,39856.45,188.734
1706060160000T,39869.25,160.92
1706060220000T,39865.45,105.563
1706060280000T,39899.05,254.825
1706060340000T,39872.65,168.406
1706060400000T,39876.75,80.457
1706060460000T,39881.45,99.76
1706060520000T,39874.05,50.241
1706060580000T,39830.25,191.991
1706060640000T,39861.45,165.852
1706060700000T,39852.85,150.231
1706060760000T,39893.15,107.613
1706060820000T,39925.35,152.613
1706060880000T,39868.45,191.678
1706060940000T,39868.75,72.56
1706061000000T,39856.35,109.124
1706061060000T,39850.35,42.046
1706061120000T,39854.95,57.601
1706061180000T,39816.15,211.312
1706061240000T,39825.05,113.327
1706061300000T,39807.05,146.27
1706061360000T,39788.55,203.129
1706061420000T,39779.95,117.447
1706061480000T,39792.75,256.072
1706061540000T,39763.15,463.947
1706061600000T,39777.35,169.674
1706061660000T,39747.05,148.924
1706061720000T,39692.65,659.038
1706061780000T,39737.65,305.56
1706061840000T,39756.15,148.306
1706061900000T,39792.45,230.284
1706061960000T,39807.55,166.555
1706062020000T,39793.85,83.074
1706062080000T,39806.35,64.545
1706062140000T,39791.95,76.01
1706062200000T,39795.95,38.886
1706062260000T,39782.15,74.079
1706062320000T,39788.05,112.883
1706062380000T,39775.05,57.255
1706062440000T,39770.65,44.948
1706062500000T,39806.75,81.26
1706062560000T,39833.65,140.409
1706062620000T,39844.75,119.571
1706062680000T,39821.25,62.114
1706062740000T,39817.65,76.624
1706062800000T,39798.85,41.929
1706062860000T,39828.85,59.136
1706062920000T,39865.25,452.316
1706062980000T,39849.75,70.633
1706063040000T,39831.85,74.258
1706063100000T,39812.35,61.376
1706063160000T,39840.85,80.213
1706063220000T,39823.25,213.914
1706063280000T,39811.65,44.435
1706063340000T,39802.35,28.776
1706063400000T,39839.95,59.549
1706063460000T,39864.95,109.885
1706063520000T,39866.85,58.057
1706063580000T,39874.15,85.964
1706063640000T,39875.95,63.35
1706063700000T,39867.45,78.603
1706063760000T,39865.45,49.425
1706063820000T,39871.15,47.154
1706063880000T,39857.85,25.412
1706063940000T,39850.05,44.489
1706064000000T,39869.15,39.75
1706064060000T,39859.55,77.292
1706064120000T,39810.05,95.344
1706064180000T,39816.75,64.497
1706064240000T,39813.95,88.373
1706064300000T,39780.15,127.751
1706064360000T,39759.05,115.045
1706064420000T,39744.55,97.6
1706064480000T,39743.65,107.662
1706064540000T,39762.25,67.78
1706064600000T,39764.85,45.264
1706064660000T,39742.85,98.759
1706064720000T,39720.75,251.473
1706064780000T,39737.65,165.807
1706064840000T,39723.05,115.06
1706064900000T,39728.55,54
1706064960000T,39734.55,65.127
1706065020000T,39768.65,101.027
1706065080000T,39759.45,94.357
1706065140000T,39759.35,30.27
1706065200000T,39770.35,89.198
1706065260000T,39764.95,43.074
1706065320000T,39747.85,48.377
1706065380000T,39741.45,38.892
1706065440000T,39737.75,152.983
1706065500000T,39743.75,94.133
1706065560000T,39724.75,184.007
1706065620000T,39692.75,412.882
1706065680000T,39725.95,302.406
1706065740000T,39695.65,181.292
1706065800000T,39720.25,100.858
1706065860000T,39739.55,93.105
1706065920000T,39745.55,137.055
1706065980000T,39761.85,52.5
1706066040000T,39750.45,56.805
1706066100000T,39779.55,128.79
1706066160000T,39761.95,45.777
1706066220000T,39776.95,36.882
1706066280000T,39789.65,63.721
1706066340000T,39777.05,57.975
1706066400000T,39751.75,159.184
1706066460000T,39692.65,256.754
1706066520000T,39642.45,971.646
1706066580000T,39633.35,644.856
1706066640000T,39635.25,221.154
1706066700000T,39625.55,116.345
1706066760000T,39584.35,537.719
1706066820000T,39583.45,179.021
1706066880000T,39593.55,94.119
1706066940000T,39617.85,473.424
1706067000000T,39621.95,202.269
1706067060000T,39638.35,78.269
1706067120000T,39612.75,104.492
1706067180000T,39604.65,156.946
1706067240000T,39585.55,126.674
1706067300000T,39567.75,269.734
1706067360000T,39575.75,114.33
1706067420000T,39579.05,64.285
1706067480000T,39597.55,78.607
1706067540000T,39595.95,90.14
1706067600000T,39641.25,256.072
1706067660000T,39647.25,178.413
1706067720000T,39658.25,152.529
1706067780000T,39648.45,73.104
1706067840000T,39659.95,56.48
1706067900000T,39659.95,107.687
1706067960000T,39664.85,64.435
1706068020000T,39661.75,51.716
1706068080000T,39656.85,71.802
1706068140000T,39624.15,97.214
1706068200000T,39639.05,106.862
1706068260000T,39609.45,89.817
1706068320000T,39606.05,96.659
1706068380000T,39615.15,127.543
1706068440000T,39610.55,43.879
1706068500000T,39597.05,68.189
1706068560000T,39616.25,123.585
1706068620000T,39605.05,40.185
1706068680000T,39606.55,42.622
1706068740000T,39611.25,35.281
1706068800000T,39615.55,100.387
1706068860000T,39634.05,81.016
1706068920000T,39637.65,206.895
1706068980000T,39640.05,51.83
1706069040000T,39647.35,70.833
1706069100000T,39672.25,148.259
1706069160000T,39672.85,158.898
1706069220000T,39658.85,129.66
1706069280000T,39577.35,242.998
1706069340000T,39568.65,199.936
1706069400000T,39571.85,177.904
1706069460000T,39602.45,174.275
1706069520000T,39579.15,116.552
1706069580000T,39581.65,43.175
1706069640000T,39585.85,47.149
1706069700000T,39609.95,104.379
1706069760000T,39605.25,89.732
1706069820000T,39634.45,98.221
1706069880000T,39649.95,112.371
1706069940000T,39647.35,93.213
1706070000000T,39644.25,77.232
1706070060000T,39631.65,34.893
1706070120000T,39644.95,73.07
1706070180000T,39660.05,98.001
1706070240000T,39661.55,47.998
1706070300000T,39650.05,96.84
1706070360000T,39649.65,75.513
1706070420000T,39658.65,71.653
1706070480000T,39657.15,45.983
1706070540000T,39666.55,62.68
1706070600000T,39674.25,221.29
1706070660000T,39696.45,99.481
1706070720000T,39691.75,191.952
1706070780000T,39710.7,153.543
1706070840000T,39733.25,186.97
1706070900000T,39702.45,135.988
1706070960000T,39701.45,66.021
1706071020000T,39700.05,109.144
1706071080000T,39685.75,90.829
1706071140000T,39684.15,90.532
1706071200000T,39678.15,38.51
1706071260000T,39670.05,52.64
1706071320000T,39656.05,77.177
1706071380000T,39639.35,56.296
1706071440000T,39658.05,50.295
1706071500000T,39661.65,57.017
1706071560000T,39674.05,39.97
1706071620000T,39720.45,106.631
1706071680000T,39721.45,169.435
1706071740000T,39710.75,78.942
1706071800000T,39705.55,71.735
1706071860000T,39693.05,190.213
1706071920000T,39675.55,102.291
1706071980000T,39670.95,47.612
1706072040000T,39664.85,59.447
1706072100000T,39655.45,69.568
1706072160000T,39661.25,97.068
1706072220000T,39651.35,46.185
1706072280000T,39653.55,39.152
1706072340000T,39648.75,69.896
1706072400000T,39661.55,48.332
1706072460000T,39686.75,146.844
1706072520000T,39682.55,93.302
1706072580000T,39686.65,26.222
1706072640000T,39687.05,32.863
1706072700000T,39685.15,164.101
1706072760000T,39697.95,94.653
1706072820000T,39696.45,64.152
1706072880000T,39697.05,30.274
1706072940000T,39698.35,33.845
1706073000000T,39691.95,48.061
1706073060000T,39698.05,40.314
1706073120000T,39758.95,377.502
1706073180000T,39746.65,251.248
1706073240000T,39754.35,147.216
1706073300000T,39759.35,267.995
1706073360000T,39775.95,124.981
1706073420000T,39787.95,292.226
1706073480000T,39767.05,112.133
1706073540000T,39759.45,135.475
1706073600000T,39751.95,115.914
1706073660000T,39735.35,91.417
1706073720000T,39745.25,64.541
1706073780000T,39767.65,53.561
1706073840000T,39781.85,98.208
1706073900000T,39780.45,224.311
1706073960000T,39766.35,150.799
1706074020000T,39778.65,62.441
1706074080000T,39767.25,293.948
1706074140000T,39781.85,46.403
1706074200000T,39789.95,224.561
1706074260000T,39814.05,388.841
1706074320000T,39806.75,104.979
1706074380000T,39796.65,205.93
1706074440000T,39803.85,50.848
1706074500000T,39781.45,132.388
1706074560000T,39782.65,62.987
1706074620000T,39775.65,149.933
1706074680000T,39763.15,48.347
1706074740000T,39740.05,126.425
1706074800000T,39757.15,93.687
1706074860000T,39757.15,79.433
1706074920000T,39749.35,73.452
1706074980000T,39750.45,27.102
1706075040000T,39756.75,57.612
1706075100000T,39760.75,65.246
1706075160000T,39777.85,91.752
1706075220000T,39765.05,86.975
1706075280000T,39772.15,66.918
1706075340000T,39754.65,34.691
1706075400000T,39752.95,51.113
1706075460000T,39749.15,50.999
1706075520000T,39738.05,39.098
1706075580000T,39734.95,77.509
1706075640000T,39734.95,23.674
1706075700000T,39735.65,56.431
1706075760000T,39736.65,66.736
1706075820000T,39737.35,29.586
1706075880000T,39789.15,163.961
1706075940000T,39791.75,81.098
1706076000000T,39803.35,279.873
1706076060000T,39795.65,82.085
1706076120000T,39773.75,61.305
1706076180000T,39773.85,99.405
1706076240000T,39766.75,56.174
1706076300000T,39735.25,100.634
1706076360000T,39723.95,73.881
1706076420000T,39720.95,234.727
1706076480000T,39703.45,121.414
1706076540000T,39718.95,123.278
1706076600000T,39732.85,44.346
1706076660000T,39719.95,61.59
1706076720000T,39700.45,68.391
1706076780000T,39667.95,323.706
1706076840000T,39680.25,166.071
1706076900000T,39687.45,81.897
1706076960000T,39684.75,139.447
1706077020000T,39688.55,61.248
1706077080000T,39691.65,58.758
1706077140000T,39701.25,67.547
1706077200000T,39715.55,152.126
1706077260000T,39713.55,112.504
1706077320000T,39725.95,133.059
1706077380000T,39735.85,46.557
1706077440000T,39746.65,82.777
1706077500000T,39730.85,31.671
1706077560000T,39723.75,37.553
1706077620000T,39763.55,71.173
1706077680000T,39780.05,175.06
1706077740000T,39772.65,33.538
1706077800000T,39796.95,268.034
1706077860000T,39822.35,168.297
1706077920000T,39854.15,406.397
1706077980000T,39861.65,402.317
1706078040000T,39836.55,556.303
1706078100000T,39831.25,90.834
1706078160000T,39838.75,128.021
1706078220000T,39874.15,101.884
1706078280000T,39862.05,172.159
1706078340000T,39845.75,101.577
1706078400000T,39858.05,51.74
1706078460000T,39857.65,88.432
1706078520000T,39833.55,43.352
1706078580000T,39842.75,29.475
1706078640000T,39836.75,36.055
1706078700000T,39857.35,131.1
1706078760000T,39862.75,36.792
1706078820000T,39862.65,49.423
1706078880000T,39872.75,48.166
1706078940000T,39869.05,65.456
1706079000000T,39877.85,56.733
1706079060000T,39876.95,400.209
1706079120000T,39858.25,47.24
1706079180000T,39865.45,48.443
1706079240000T,39864.95,138.807
1706079300000T,39871.65,30.605
1706079360000T,39872.85,109.335
1706079420000T,39884.45,29.381
1706079480000T,39876.55,74.661
1706079540000T,39883.55,138.791
1706079600000T,39861.75,64.847
1706079660000T,39869.95,83.942
1706079720000T,39870.75,55.864
1706079780000T,39874.75,33.898
1706079840000T,39866.25,234.517
1706079900000T,39837.75,91.903
1706079960000T,39842.75,136.38
1706080020000T,39818.25,100.87
1706080080000T,39842.35,76.588
1706080140000T,39843.05,128.053
1706080200000T,39878.25,68.565
1706080260000T,39885.25,101.084
1706080320000T,39881.15,66.22
1706080380000T,39887.15,68.597
1706080440000T,39920.55,683.055
1706080500000T,39960.45,373.862
1706080560000T,40009.55,849.849
1706080620000T,40016.45,283.881
1706080680000T,39998.05,148.957
1706080740000T,40025.05,288.102
1706080800000T,40083.65,681.583
1706080860000T,40071.35,213.421
1706080920000T,40109.35,678.376
1706080980000T,40135.95,699.337
1706081040000T,40108.15,670.912
1706081100000T,40059.55,392.834
1706081160000T,40069.35,274.455
1706081220000T,40050.35,180.993
1706081280000T,40084.05,222.977
1706081340000T,40095.85,187.423
1706081400000T,40060.75,221.757
1706081460000T,40033.35,237.083
1706081520000T,40043.25,196.026
1706081580000T,40040.25,69.628
1706081640000T,40017.15,112.275
1706081700000T,40003.05,185.25
1706081760000T,39978.95,348.74
1706081820000T,39980.05,127.301
1706081880000T,39992.25,134.744
1706081940000T,40022.15,216.101
1706082000000T,40008.25,131.767
1706082060000T,40007.65,154.599
1706082120000T,39990.25,61.508
1706082180000T,39986.05,77.689
1706082240000T,39993.15,76.376
1706082300000T,39973.75,93.424
1706082360000T,39961.55,114.902
1706082420000T,39955.95,124.787
1706082480000T,39953.05,93.115
1706082540000T,39939.65,171.288
1706082600000T,39941.45,95.578
1706082660000T,39930.05,102.614
1706082720000T,39933.15,85.446
1706082780000T,39920.75,95.362
1706082840000T,39948.05,132.8
1706082900000T,39949.95,184.867
1706082960000T,39953.25,94.234
1706083020000T,39948.15,97.464
1706083080000T,39962.75,70.105
1706083140000T,39979.55,151.095
1706083200000T,39998.05,115.106
1706083260000T,39994.85,221.648
1706083320000T,39982.05,50.703
1706083380000T,40016.95,76.555
1706083440000T,40043.95,378.317
1706083500000T,40071.65,157.521
1706083560000T,40079.45,181.027
1706083620000T,40106.55,430.509
1706083680000T,40073.15,206.094
1706083740000T,40040.45,200.917
1706083800000T,40046.55,127.653
1706083860000T,40067.95,64.933
1706083920000T,40088.45,80.943
1706083980000T,40066.85,98.206
1706084040000T,40057.05,98.663
1706084100000T,40058.95,84.457
1706084160000T,39978.45,312.473
1706084220000T,39881.55,695.89
1706084280000T,39914.05,282.722
1706084340000T,39948.65,149.507
1706084400000T,39920.55,213.658
1706084460000T,39942.45,144.749
1706084520000T,39952.25,103.262
1706084580000T,39954.55,104.191
1706084640000T,39975.25,111.493
1706084700000T,39964.35,110.924
1706084760000T,39970.15,76.223
1706084820000T,39979.35,92.847
1706084880000T,39927.25,125.923
1706084940000T,39945.95,80.831
1706085000000T,39929.25,114.698
1706085060000T,39890.75,593.475
1706085120000T,39906.05,188.075
1706085180000T,39913.05,160.869
1706085240000T,39897.85,269.276
1706085300000T,39907.15,85.248
1706085360000T,39905.45,103.694
1706085420000T,39925.85,57.095
1706085480000T,39898.05,74.685
1706085540000T,39908.45,76.922
1706085600000T,39891.85,83.506
1706085660000T,39891.05,79.375
1706085720000T,39897.25,142.133
1706085780000T,39892.35,44.086
1706085840000T,39887.05,46.056
1706085900000T,39906.55,137.367
1706085960000T,39927.35,102.862
1706086020000T,39922.25,51.845
1706086080000T,39926.25,68.315
1706086140000T,39931.95,203.599
1706086200000T,39920.15,63.195
1706086260000T,39938.15,38.912
1706086320000T,39936.65,71.456
1706086380000T,39956.75,123.853
1706086440000T,39985.45,106.788
1706086500000T,39983.75,71.599
1706086560000T,40006.65,134.048
1706086620000T,39983.85,60.319
1706086680000T,39956.35,66.68
1706086740000T,39948.65,120.046
1706086800000T,39928.65,98.825
1706086860000T,39943.75,81.816
1706086920000T,39964.75,35.069
1706086980000T,39995.75,61.53
1706087040000T,40003.45,107.481
1706087100000T,39998.95,64.605
1706087160000T,40013.05,60.379
1706087220000T,40011.55,81.122
1706087280000T,40002.25,530.314
1706087340000T,39997.45,422.133
1706087400000T,40007.55,61.875
1706087460000T,40033.55,89.039
1706087520000T,40063.95,238.714
1706087580000T,40074.35,196.75
1706087640000T,40086.35,178.968
1706087700000T,40040.75,199.696
1706087760000T,40065.65,257.302
1706087820000T,40063.65,157.936
1706087880000T,40053.05,165.521
1706087940000T,40033.95,143.449
1706088000000T,39995.95,195.737
1706088060000T,39975.15,207.344
1706088120000T,39968.75,189.723
1706088180000T,39949.95,368.948
1706088240000T,39988.65,131.239
1706088300000T,40013.25,140.8
1706088360000T,40018.05,95.129
1706088420000T,40015.75,73.506
1706088480000T,40047.15,66.496
1706088540000T,40026.85,45.882
1706088600000T,40004.35,58.145
1706088660000T,40010.15,73.411
1706088720000T,40003.65,56.005
1706088780000T,40000.75,50.681
1706088840000T,40000.45,42.606
1706088900000T,39978.25,66.068
1706088960000T,40006.85,37.064
1706089020000T,39963.55,48.285
1706089080000T,39961.45,78.313
1706089140000T,39954.05,65.326
1706089200000T,39954.65,67.702
1706089260000T,39958.55,77.038
1706089320000T,39943.25,65.753
1706089380000T,39963.55,58.133
1706089440000T,39953.45,51.994
1706089500000T,39936.05,56.817
1706089560000T,39948.55,55.487
1706089620000T,39952.85,58.525
1706089680000T,39922.05,77.41
1706089740000T,39917.65,168.355
1706089800000T,39952.95,111.737
1706089860000T,39997.75,111.205
1706089920000T,40005.15,150.909
1706089980000T,40006.65,49.177
1706090040000T,40015.05,87.072
1706090100000T,40005.55,78.803
1706090160000T,40033.25,88.969
1706090220000T,40035.65,135.77
1706090280000T,40031.95,48.506
1706090340000T,40015.65,62.571
1706090400000T,39990.45,111.019
1706090460000T,39996.45,75.615
1706090520000T,39983.65,52.482
1706090580000T,40008.25,114.981
1706090640000T,40035.55,77.435
1706090700000T,40049.95,107.106
1706090760000T,40049.95,64.063
1706090820000T,40042.25,271.591
1706090880000T,40003.85,69.883
1706090940000T,40004.45,87.56
1706091000000T,40010.75,50.98
1706091060000T,40014.75,49.296
1706091120000T,40042.75,90.536
1706091180000T,40042.15,72.538
1706091240000T,40053.95,39.047
1706091300000T,40081.35,192.276
1706091360000T,40084.35,165.75
1706091420000T,40061.65,130.725
1706091480000T,40077.25,71.736
1706091540000T,40071.15,78.125
1706091600000T,40061.25,47.731
1706091660000T,40120.45,528.888
1706091720000T,40088.85,158.675
1706091780000T,40111.95,141.918
1706091840000T,40107.05,58.494
1706091900000T,40090.85,83.552
1706091960000T,40126.35,84.054
1706092020000T,40141.75,195.993
1706092080000T,40149.95,641.129
1706092140000T,40153.25,327.236
1706092200000T,40178.15,503.852
1706092260000T,40131.55,187.735
1706092320000T,40170.75,126.706
1706092380000T,40157.95,141.153
1706092440000T,40141.85,131.223
1706092500000T,40120.55,127.223
1706092560000T,40148.85,145.12
1706092620000T,40153.75,61.635
1706092680000T,40139.65,104.461
1706092740000T,40169.65,213.165
1706092800000T,40177.35,123.758
1706092860000T,40272.05,1474.27
1706092920000T,40312.95,1588.116
1706092980000T,40319.95,848.409
1706093040000T,40275.85,477.297
1706093100000T,40441.25,2161.403
1706093160000T,40389.75,1236.553
1706093220000T,40399.75,475.645
1706093280000T,40464.55,695.615
1706093340000T,40479.55,2464.729
1706093400000T,40473.95,564.961
1706093460000T,40420.65,463.511
1706093520000T,40358.75,1056.662
1706093580000T,40372.05,365.554
1706093640000T,40341.25,343.108
1706093700000T,40330.05,607.676
1706093760000T,40361.15,293.667
1706093820000T,40340.05,171.636
1706093880000T,40343.25,147.275
1706093940000T,40346.45,261.568
1706094000000T,40275.45,467.336
1706094060000T,40240.15,672.661
1706094120000T,40254.95,307.963
1706094180000T,40257.95,244.073
1706094240000T,40238.45,373.047
1706094300000T,40224.45,457.444
1706094360000T,40229.05,130.942
1706094420000T,40244.75,181.756
1706094480000T,40211.75,187.771
1706094540000T,40214.75,274.359
1706094600000T,40220.25,260.143
1706094660000T,40226.45,118.768
1706094720000T,40232.65,134.343
1706094780000T,40221.35,111.392
1706094840000T,40180.05,617.618
1706094900000T,40191.85,298.407
1706094960000T,40178.35,116.363
1706095020000T,40155.55,215.065
1706095080000T,40159.95,272.368
1706095140000T,40174.75,149.119
1706095200000T,40196.35,152.494
1706095260000T,40192.35,186.583
1706095320000T,40195.55,113.101
1706095380000T,40202.55,64.952
1706095440000T,40230.75,221.519
1706095500000T,40222.95,143.917
1706095560000T,40210.55,96.979
1706095620000T,40221.05,47.986
1706095680000T,40201.15,289.161
1706095740000T,40206.35,123.874
1706095800000T,40175.05,111.177
1706095860000T,40193.15,89.396
1706095920000T,40217.25,94.58
1706095980000T,40215.65,205.514
1706096040000T,40181.95,174.218
1706096100000T,40151.05,147.362
1706096160000T,40164.45,109.955
1706096220000T,40185.65,88.54
1706096280000T,40185.75,52.119
1706096340000T,40190.05,37.249
1706096400000T,40187.85,52.203
1706096460000T,40169.65,81.316
1706096520000T,40151.05,94.728
1706096580000T,40126.15,439.208
1706096640000T,40131.05,350.577
1706096700000T,40113.3,384.761
1706096760000T,40126.85,226.588
1706096820000T,40141.85,99.1
1706096880000T,40143.55,93.066
1706096940000T,40171.05,220.951
1706097000000T,40194.15,182.651
1706097060000T,40187.65,133.622
1706097120000T,40179.25,113.135
1706097180000T,40187.35,54.355
1706097240000T,40191.25,86.484
1706097300000T,40176.85,124.733
1706097360000T,40181.35,49.835
1706097420000T,40189.15,60.724
1706097480000T,40189.95,94.873
1706097540000T,40195.15,103.332
1706097600000T,40200.05,325.93
1706097660000T,40227.25,117.795
1706097720000T,40188.15,314.167
1706097780000T,40222.05,162.901
1706097840000T,40234.95,102.326
1706097900000T,40254.95,200.753
1706097960000T,40274.65,470.512
1706098020000T,40250.85,156.754
1706098080000T,40256.35,152.396
1706098140000T,40241.85,114.454
1706098200000T,40203.55,77.763
1706098260000T,40177.95,217.21
1706098320000T,40209.05,83.168
1706098380000T,40208.95,56.379
1706098440000T,40233.95,89.46
1706098500000T,40215.15,92.192
1706098560000T,40235.35,107.176
1706098620000T,40197.85,81.323
1706098680000T,40207.35,114.024
1706098740000T,40199.45,217.765
1706098800000T,40208.95,87.105
1706098860000T,40229.85,166.477
1706098920000T,40216.55,58.945
1706098980000T,40239.95,36.201
1706099040000T,40253.25,124.155
1706099100000T,40238.95,57.97
1706099160000T,40250.05,65.237
1706099220000T,40261.15,58.727
1706099280000T,40209.95,155.832
1706099340000T,40181.25,141.686
1706099400000T,40164.35,174.729
1706099460000T,40141.45,209.59
1706099520000T,40179.05,263.808
1706099580000T,40170.25,103.279
1706099640000T,40181.05,59.194
1706099700000T,40160.95,82.355
1706099760000T,40181.85,112.02
1706099820000T,40127.75,170.72
1706099880000T,40137.15,134.754
1706099940000T,40150.85,196.019
1706100000000T,40184.85,148.791
1706100060000T,40152.95,170.01
1706100120000T,40163.05,43.031
1706100180000T,40192.75,99.401
1706100240000T,40196.35,80.708
1706100300000T,40175.05,88.44
1706100360000T,40175.85,52.785
1706100420000T,40157.85,32.083
1706100480000T,40165.25,35.196
1706100540000T,40151.15,62.811
1706100600000T,40109.15,548.696
1706100660000T,40070.65,643.657
1706100720000T,40071.15,313.32
1706100780000T,40080.45,201.051
1706100840000T,40048.25,469.934
1706100900000T,40056.45,366.021
1706100960000T,39983.85,858.215
1706101020000T,40003.75,495.074
1706101080000T,40025.55,350.168
1706101140000T,40030.45,203.202
1706101200000T,40025.55,181.048
1706101260000T,40055.15,390.689
1706101320000T,40040.05,134.534
1706101380000T,40015.05,168.3
1706101440000T,40001.75,144.916
1706101500000T,39999.95,329.919
1706101560000T,40026.95,243.027
1706101620000T,40021.15,129.506
1706101680000T,40033.65,91.152
1706101740000T,40033.45,90.156
1706101800000T,40026.85,158.738
1706101860000T,40044.95,64.657
1706101920000T,40042.05,49.861
1706101980000T,40029.05,140.627
1706102040000T,40043.75,47.483
1706102100000T,40030.95,50.889
1706102160000T,39987.05,461.329
1706102220000T,40019.45,465.113
1706102280000T,39994.95,152.801
1706102340000T,40013.35,84.953
1706102400000T,40036.95,149.98
1706102460000T,40057.05,144.088
1706102520000T,40041.65,221.193
1706102580000T,40035.75,177.857
1706102640000T,40056.15,80.707
1706102700000T,40051.55,355.863
1706102760000T,40085.45,73.256
1706102820000T,40084.85,329.713
1706102880000T,40086.95,126.069
1706102940000T,40075.25,123.541
1706103000000T,40073.15,76.867
1706103060000T,40050.85,114.593
1706103120000T,40040.55,75.77
1706103180000T,40042.45,115.059
1706103240000T,40032.25,158.14
1706103300000T,40022.95,71.394
1706103360000T,40033.35,244.38
1706103420000T,40045.35,65.204
1706103480000T,40023.55,84.176
1706103540000T,40015.25,41.75
1706103600000T,40014.85,85.422
1706103660000T,39979.35,192.709
1706103720000T,39957.05,118.398
1706103780000T,39951.55,356.063
1706103840000T,39944.35,1045.489
1706103900000T,39970.35,278.854
1706103960000T,39948.05,220.557
1706104020000T,39900.65,466.33
1706104080000T,39880.05,533.033
1706104140000T,39908.85,361.653
1706104200000T,39934.85,257.97
1706104260000T,39904.75,209.52
1706104320000T,39919.95,137.186
1706104380000T,39927.45,157.12
1706104440000T,39936.85,104.029
1706104500000T,39943.65,106.559
1706104560000T,39957.95,144.802
1706104620000T,39961.95,95.993
1706104680000T,39956.45,117.517
1706104740000T,39976.25,150.608
1706104800000T,39966.75,205.663
1706104860000T,39968.05,185.01
1706104920000T,39917.85,443.581
1706104980000T,39907.05,106.379
1706105040000T,39899.05,249.3
1706105100000T,39889.85,128.515
1706105160000T,39897.95,193.752
1706105220000T,39869.95,145.503
1706105280000T,39847.35,299.356
1706105340000T,39875.05,290.533
1706105400000T,39867.25,126.82
1706105460000T,39903.65,141.745
1706105520000T,39880.65,351.725
1706105580000T,39860.45,162.378
1706105640000T,39861.25,138.686
1706105700000T,39879.25,156.76
1706105760000T,39875.35,178.455
1706105820000T,39875.65,140.421
1706105880000T,39840.05,137.6
1706105940000T,39813.05,505.72
1706106000000T,39789.05,1020.59
1706106060000T,39813.15,475.944
1706106120000T,39813.05,222.026
1706106180000T,39866.75,372.05
1706106240000T,39910.35,451.055
1706106300000T,39890.45,232.071
1706106360000T,39939.05,598.714
1706106420000T,39993.45,1064.47
1706106480000T,39985.05,218.055
1706106540000T,39961.15,262.899
1706106600000T,40001.85,360.689
1706106660000T,40093.85,1077.805
1706106720000T,40187.35,2317.571
1706106780000T,40063.85,1680.256
1706106840000T,40021.95,642.184
1706106900000T,39900.75,1263.58
1706106960000T,39938.95,1050.215
1706107020000T,40019.8,638.118
1706107080000T,40045.45,1093.26
1706107140000T,40131.45,888.646
1706107200000T,40081.65,544.212
1706107260000T,40077.65,294.43
1706107320000T,40045.15,242.334
1706107380000T,40026.25,204.544
1706107440000T,40066.15,186.382
1706107500000T,40001.55,564.339
1706107560000T,39967.65,612.161
1706107620000T,39983.05,268.725
1706107680000T,39985.65,153.106
1706107740000T,39939.55,449.656
1706107800000T,39916.15,285.461
1706107860000T,39922.25,402.368
1706107920000T,39912.75,357.346
1706107980000T,39881.65,307.847
1706108040000T,39860.05,421.124
1706108100000T,39880.45,336.13
1706108160000T,39838.25,329.764
1706108220000T,39820.05,368.602
1706108280000T,39845.25,174.229
1706108340000T,39907.05,405.072
1706108400000T,39901.25,462.3
1706108460000T,39861.85,282.049
1706108520000T,39867.15,190.919
1706108580000T,39891.55,195.689
1706108640000T,39913.45,108.781
1706108700000T,39914.95,421.114
1706108760000T,39917.15,163.348
1706108820000T,39887.05,116.679
1706108880000T,39893.25,88.449
1706108940000T,39947.25,74.328
1706109000000T,39942.45,218.649
1706109060000T,39934.45,115.426
1706109120000T,39959.95,87.031
1706109180000T,40003.65,426.782
1706109240000T,40012.25,318.883
1706109300000T,40000.85,272.387
1706109360000T,39991.75,174.412
1706109420000T,39973.75,162.92
1706109480000T,39966.15,153.868
1706109540000T,39968.55,72.022
1706109600000T,39995.85,123.711
1706109660000T,40007.95,314.287
1706109720000T,40001.45,229.592
1706109780000T,40027.25,542.227
1706109840000T,39962.45,593.615
1706109900000T,39945.05,221.948
1706109960000T,39959.15,180.523
1706110020000T,39998.55,128.835
1706110080000T,39999.95,87.172
1706110140000T,40011.05,95.886
1706110200000T,39990.15,259.87
1706110260000T,39997.05,90.913
1706110320000T,39995.15,52.843
1706110380000T,39985.55,94.434
1706110440000T,39937.45,337.854
1706110500000T,39992.75,188.782
1706110560000T,40019.55,215.34
1706110620000T,40032.55,299.989
1706110680000T,40036.05,85.248
1706110740000T,40041.35,144.716
1706110800000T,40037.25,172.319
1706110860000T,40088.65,134.392
1706110920000T,40099.55,643.758
1706110980000T,40071.65,340.022
1706111040000T,40089.45,226.48
1706111100000T,40087.05,199.131
1706111160000T,40100.05,400.375
1706111220000T,40077.75,173.938
1706111280000T,40090.65,107.761
1706111340000T,40106.85,369.465
1706111400000T,40081.45,253.724
1706111460000T,40077.35,82.314
1706111520000T,40049.25,255.668
1706111580000T,40037.95,179.582
1706111640000T,40031.15,96.746
1706111700000T,40014.25,73.114
1706111760000T,40034.55,93.069
1706111820000T,40027.65,142.62
1706111880000T,40040.65,63.421
1706111940000T,40046.75,78.295
1706112000000T,40027.95,146.14
1706112060000T,40022.65,125.749
1706112120000T,40040.55,122.745
1706112180000T,40062.55,86.676
1706112240000T,40043.85,47.918
1706112300000T,40010.05,78.722
1706112360000T,40000.75,197.856
1706112420000T,39997.95,214.273
1706112480000T,39984.05,72.313
1706112540000T,39997.35,105.885
1706112600000T,39972.05,58.615
1706112660000T,39961.35,73.573
1706112720000T,39982.85,155.53
1706112780000T,39997.15,77.541
1706112840000T,39978.95,82.475
1706112900000T,39949.75,152.774
1706112960000T,39980.55,206.768
1706113020000T,39993.95,298.412
1706113080000T,40000.35,110.421
1706113140000T,39961.15,141.319
1706113200000T,39927.05,549.92
1706113260000T,39923.35,340.823
1706113320000T,39950.05,136.486
1706113380000T,39971.55,59.862
1706113440000T,39993.35,279.857
1706113500000T,39991.55,86.907
1706113560000T,39989.35,159.482
1706113620000T,39999.95,183.875
1706113680000T,40024.95,369.692
1706113740000T,40044.45,293.559
1706113800000T,40069.95,188.603
1706113860000T,40052.75,207.815
1706113920000T,40031.65,210.161
1706113980000T,40035.95,226.008
1706114040000T,39989.05,223.877
1706114100000T,39960.05,174.787
1706114160000T,39961.55,222.107
1706114220000T,39969.85,47.868
1706114280000T,39977.15,107.905
1706114340000T,39953.75,82.188
1706114400000T,39951.95,130.624
1706114460000T,39959.25,41.014
1706114520000T,39944.65,41.106
1706114580000T,39972.95,68.788
1706114640000T,39991.05,97.233
1706114700000T,40017.65,114.361
1706114760000T,40019.35,67.941
1706114820000T,40032.65,65.096
1706114880000T,40092.25,204.927
1706114940000T,40082.95,236.477
1706115000000T,40093.35,78.091
1706115060000T,40099.95,294.607
1706115120000T,40128.55,264.943
1706115180000T,40136.65,331.143
1706115240000T,40145.15,90.864
1706115300000T,40156.25,216.788
1706115360000T,40156.25,178.431
1706115420000T,40176.25,174.53
1706115480000T,40162.75,141.616
1706115540000T,40185.95,347.595
1706115600000T,40138.85,619.787
1706115660000T,40144.95,235.434
1706115720000T,40140.45,120.554
1706115780000T,40121.15,247.28
1706115840000T,40145.55,316.748
1706115900000T,40124.85,91.933
1706115960000T,40110.95,106.905
1706116020000T,40091.55,109.53
1706116080000T,40086.25,86.978
1706116140000T,40088.35,73.064
1706116200000T,40114.95,72.272
1706116260000T,40135.65,140.336
1706116320000T,40122.95,98.069
1706116380000T,40102.65,163.179
1706116440000T,40083.45,100.136
1706116500000T,40057.85,106.159
1706116560000T,40055.05,149.182
1706116620000T,40061.35,110.958
1706116680000T,40069.35,81.138
1706116740000T,40067.05,134.094
1706116800000T,40055.95,56.021
1706116860000T,40059.55,59.797
1706116920000T,40095.95,52.934
1706116980000T,40120.45,96.552
1706117040000T,40129.95,102.48
1706117100000T,40113.65,195.097
1706117160000T,40088.05,83.928
1706117220000T,40055.05,63.042
1706117280000T,40054.35,81.131
1706117340000T,40081.45,98.456
1706117400000T,40081.25,80.379
1706117460000T,40067.05,67.106
1706117520000T,40097.25,105.111
1706117580000T,40060.35,126.284
1706117640000T,40070.35,167.52
1706117700000T,40069.85,54.435
1706117760000T,40112.75,227.51
1706117820000T,40147.85,227.963
1706117880000T,40185.35,468.609
1706117940000T,40178.55,298.235
1706118000000T,40178.55,133.316
1706118060000T,40181.65,92.284
1706118120000T,40168.65,86.193
1706118180000T,40169.25,54.017
1706118240000T,40173.25,54.599
1706118300000T,40137.25,112.891
1706118360000T,40125.15,119.336
1706118420000T,40128.35,49.865
1706118480000T,40116.85,63.231
1706118540000T,40096.35,73.802
1706118600000T,40072.05,121.891
1706118660000T,40124.45,213.713
1706118720000T,40100.25,131.357
1706118780000T,40083.85,50.134
1706118840000T,40079.95,58.496
1706118900000T,40088.95,130.677
1706118960000T,40072.85,103.322
1706119020000T,40082.25,51.248
1706119080000T,40113.65,351.621
1706119140000T,40131.05,382.714
1706119200000T,40125.55,340.621
1706119260000T,40108.95,121.172
1706119320000T,40108.15,60.612
1706119380000T,40129.15,186.148
1706119440000T,40113.75,40.698
1706119500000T,40101.15,66.778
1706119560000T,40080.85,177.012
1706119620000T,40052.55,301.362
1706119680000T,40009.75,478.454
1706119740000T,39990.25,379.38
1706119800000T,39982.75,229.07
1706119860000T,39967.25,274.641
1706119920000T,39987.15,307.006
1706119980000T,39900.35,869.66
1706120040000T,39880.45,414.955
1706120100000T,39900.55,293.681
1706120160000T,39923.65,154.054
1706120220000T,39926.05,200.294
1706120280000T,39862.15,261.971
1706120340000T,39851.55,276.793
1706120400000T,39823.75,369.665
1706120460000T,39763.85,1264.695
1706120520000T,39669.95,2377.51
1706120580000T,39666.65,1601.056
1706120640000T,39625.15,581.157
1706120700000T,39709.95,887.339
1706120760000T,39726.65,497.541
1706120820000T,39757.25,360.793
1706120880000T,39752.05,225.511
1706120940000T,39762.15,147.279
1706121000000T,39739.55,391.124
1706121060000T,39835.05,329.903
1706121120000T,39762.75,471.072
1706121180000T,39779.95,206.27
1706121240000T,39783.95,133.007
1706121300000T,39845.55,295.236
1706121360000T,39840.15,187.12
1706121420000T,39831.95,157.431
1706121480000T,39839.25,171.272
1706121540000T,39816.55,99.223
1706121600000T,39825.25,83.517
1706121660000T,39874.95,164.982
1706121720000T,39851.25,137.494
1706121780000T,39875.45,151.51
1706121840000T,39851.65,73.481
1706121900000T,39817.65,170.73
1706121960000T,39814.75,218.75
1706122020000T,39767.95,563.118
1706122080000T,39772.95,135.7
1706122140000T,39765.55,98.418
1706122200000T,39787.55,104.033
1706122260000T,39800.05,97.567
1706122320000T,39783.65,36.607
1706122380000T,39779.35,48.486
1706122440000T,39770.05,56.201
1706122500000T,39766.55,104.24
1706122560000T,39754.35,70.056
1706122620000T,39731.65,151.879
1706122680000T,39745.75,121.785
1706122740000T,39757.95,83.9
1706122800000T,39790.25,135.277
1706122860000T,39759.95,106.644
1706122920000T,39736.95,69.182
1706122980000T,39778.05,187.774
1706123040000T,39797.85,89.936
1706123100000T,39814.95,220.746
1706123160000T,39835.45,79.66
1706123220000T,39809.95,73.248
1706123280000T,39787.15,86.167
1706123340000T,39779.05,62.779
1706123400000T,39787.15,107.793
1706123460000T,39827.95,49.95
1706123520000T,39803.65,65.312
1706123580000T,39812.35,26.976
1706123640000T,39811.75,62.554
1706123700000T,39829.05,76.29
1706123760000T,39805.95,110.036
1706123820000T,39794.75,41.051
1706123880000T,39776.05,52.83
1706123940000T,39775.15,50.874
1706124000000T,39781.35,59.41
1706124060000T,39793.35,110.405
1706124120000T,39781.05,67.12
1706124180000T,39758.15,70.016
1706124240000T,39739.45,225.915
1706124300000T,39749.65,77.316
1706124360000T,39746.05,46.645
1706124420000T,39737.45,82.562
1706124480000T,39722.15,72.457
1706124540000T,39736.45,68.339
1706124600000T,39767.55,67.19
1706124660000T,39780.75,128.267
1706124720000T,39753.75,100.503
1706124780000T,39747.25,32.658
1706124840000T,39756.25,77.216
1706124900000T,39737.55,37.185
1706124960000T,39731.15,129.49
1706125020000T,39738.95,32.398
1706125080000T,39726.65,64.341
1706125140000T,39743.95,44.779
1706125200000T,39740.55,58.942
1706125260000T,39672.85,270.23
1706125320000T,39672.95,134.646
1706125380000T,39663.55,144.845
1706125440000T,39676.45,122.432
1706125500000T,39709.15,203.427
1706125560000T,39666.15,82.416
1706125620000T,39640.95,149.395
1706125680000T,39675.75,186.134
1706125740000T,39681.95,129.212
1706125800000T,39709.95,139.7
1706125860000T,39692.65,118.979
1706125920000T,39687.05,59.79
1706125980000T,39693.75,71.262
1706126040000T,39728.95,52.716
1706126100000T,39752.25,160.131
1706126160000T,39776.55,112.69
1706126220000T,39822.35,175.355
1706126280000T,39807.05,331.19
1706126340000T,39797.45,170.993
1706126400000T,39807.15,97.324
1706126460000T,39830.75,179.225
1706126520000T,39910.85,960.339
1706126580000T,39921.35,366.064
1706126640000T,39875.35,250.162
1706126700000T,39884.95,139.731
1706126760000T,39897.45,300.297
1706126820000T,39911.85,73.958
1706126880000T,39943.35,158.321
1706126940000T,39963.85,308.874
1706127000000T,39962.35,528.452
1706127060000T,39951.25,233.53
1706127120000T,39960.65,145.994
1706127180000T,39939.05,175.919
1706127240000T,39924.75,120.075
1706127300000T,39908.15,180.778
1706127360000T,39895.45,141.545
1706127420000T,39890.65,108.534
1706127480000T,39882.85,267.758
1706127540000T,39894.45,132.626
1706127600000T,39883.85,61.223
1706127660000T,39868.95,85.26
1706127720000T,39843.15,86.057
1706127780000T,39810.55,333.772
1706127840000T,39833.05,174.959
1706127900000T,39837.45,60.731
1706127960000T,39819.15,64.89
1706128020000T,39849.15,84.226
1706128080000T,39852.65,74.222
1706128140000T,39864.75,72.702
1706128200000T,39834.35,118.856
1706128260000T,39806.85,108.871
1706128320000T,39804.75,184.849
1706128380000T,39773.55,126.83
1706128440000T,39746.95,204.627
1706128500000T,39725.95,146.49
1706128560000T,39757.75,115.382
1706128620000T,39761.75,64.136
1706128680000T,39767.75,74.629
1706128740000T,39779.35,70.305
1706128800000T,39730.05,75.464
1706128860000T,39709.45,104.863
1706128920000T,39689.45,178.896
1706128980000T,39706.05,182.688
1706129040000T,39718.45,169.221
1706129100000T,39666.55,213.724
1706129160000T,39669.35,194.991
1706129220000T,39624.05,371.501
1706129280000T,39647.35,402.821
1706129340000T,39582.95,794.253
1706129400000T,39593.75,1181.401
1706129460000T,39649.25,415.113
1706129520000T,39676.45,397.764
1706129580000T,39630.15,216.549
1706129640000T,39659.55,122.984
1706129700000T,39536.85,264.046
1706129760000T,39516.95,538.749
1706129820000T,39547.15,342.422
1706129880000T,39660.75,539.215
1706129940000T,39547.95,1017.692
1706130000000T,39621.55,1285.69
1706130060000T,39606.95,505.904
1706130120000T,39670.05,181.359
1706130180000T,39629.25,141.268
1706130240000T,39658.65,176.088
1706130300000T,39641.85,343.509
1706130360000T,39664.85,123.678
1706130420000T,39699.95,128.854
1706130480000T,39673.25,165.761
1706130540000T,39651.45,61.981
1706130600000T,39625.55,156.903
1706130660000T,39645.15,109.688
1706130720000T,39653.55,103.805
1706130780000T,39663.25,62.416
1706130840000T,39692.05,105.738
1706130900000T,39678.65,168.592
1706130960000T,39660.85,97.514
1706131020000T,39651.75,65.762
1706131080000T,39643.25,54.262
1706131140000T,39663.05,42.147
1706131200000T,39662.35,59.608
1706131260000T,39677.95,208.373
1706131320000T,39682.95,95.186
1706131380000T,39667.55,50.76
1706131440000T,39663.95,64.219
1706131500000T,39675.95,62.366
1706131560000T,39672.25,41.75
1706131620000T,39735.25,337.843
1706131680000T,39726.45,173.438
1706131740000T,39719.55,63.758
1706131800000T,39747.45,211.866
1706131860000T,39733.95,87.597
1706131920000T,39725.25,72.797
1706131980000T,39722.95,53.925
1706132040000T,39707.15,79.804
1706132100000T,39684.95,113.004
1706132160000T,39684.85,37.632
1706132220000T,39658.65,177.819
1706132280000T,39652.75,41.105
1706132340000T,39666.35,39.464
1706132400000T,39661.05,111.564
1706132460000T,39696.55,88.202
1706132520000T,39695.75,64.583
1706132580000T,39731.55,76.028
1706132640000T,39751.95,339.939
1706132700000T,39731.95,66.387
1706132760000T,39744.95,53.442
1706132820000T,39734.15,65.123
1706132880000T,39730.85,61.1
1706132940000T,39742.15,39.131
1706133000000T,39718.95,51.533
1706133060000T,39717.65,59.081
1706133120000T,39738.85,53.039
1706133180000T,39745.85,36.635
1706133240000T,39764.75,81.806
1706133300000T,39758.85,69.668
1706133360000T,39753.85,40.193
1706133420000T,39767.05,38.662
1706133480000T,39767.25,42.828
1706133540000T,39788.05,107.604
1706133600000T,39753.25,100.767
1706133660000T,39770.75,133.086
1706133720000T,39778.95,75.473
1706133780000T,39798.55,210.089
1706133840000T,39790.65,69.836
1706133900000T,39770.95,69.726
1706133960000T,39764.45,71.846
1706134020000T,39773.35,38.395
1706134080000T,39775.15,33.471
1706134140000T,39799.75,32.768
1706134200000T,39821.05,191.089
1706134260000T,39823.15,87.352
1706134320000T,39805.95,69.82
1706134380000T,39867.85,415.733
1706134440000T,39874.15,119.419
1706134500000T,39848.35,138.499
1706134560000T,39846.15,51.397
1706134620000T,39854.25,61.022
1706134680000T,39829.05,86.318
1706134740000T,39833.45,42.692
1706134800000T,39840.95,63.309
1706134860000T,39870.85,55.333
1706134920000T,39885.95,82.91
1706134980000T,39852.85,93.106
1706135040000T,39866.95,48.82
1706135100000T,39877.55,84.934
1706135160000T,39867.25,37.699
1706135220000T,39860.05,36.331
1706135280000T,39848.45,92.597
1706135340000T,39842.25,85.477
1706135400000T,39862.05,65.083
1706135460000T,39870.95,36.86
1706135520000T,39868.15,188.393
1706135580000T,39816.85,158.709
1706135640000T,39832.65,37.137
1706135700000T,39846.75,49.726
1706135760000T,39846.85,39.363
1706135820000T,39853.45,28
1706135880000T,39858.15,18.881
1706135940000T,39858.15,15.498
1706136000000T,39805.05,81.006
1706136060000T,39789.15,108.633
1706136120000T,39791.75,44.881
1706136180000T,39820.05,32.017
1706136240000T,39825.55,27.625
1706136300000T,39825.55,23.696
1706136360000T,39786.75,75.427
1706136420000T,39785.05,51.204
1706136480000T,39780.05,41.23
1706136540000T,39780.05,14.047
1706136600000T,39796.55,41.587
1706136660000T,39808.15,17.549
1706136720000T,39808.95,13.515
1706136780000T,39839.25,44.864
1706136840000T,39846.55,46.325
1706136900000T,39846.75,13.454
1706136960000T,39847.55,15.15
1706137020000T,39865.45,50.748
1706137080000T,39867.65,18.423
1706137140000T,39872.55,32.2
1706137200000T,39844.45,78.057
1706137260000T,39836.55,47.442
1706137320000T,39864.75,58.178
1706137380000T,39892.85,205.198
1706137440000T,39898.05,146.155
1706137500000T,39907.85,51.171
1706137560000T,39935.45,180.724
1706137620000T,39951.45,388.6
1706137680000T,39956.85,203.118
1706137740000T,39976.05,187.942
1706137800000T,40005.55,870.133
1706137860000T,39994.05,227.789
1706137920000T,39972.55,147.402
1706137980000T,39978.35,103.475
1706138040000T,39991.05,93.56
1706138100000T,39983.05,59.85
1706138160000T,40022.05,176.114
1706138220000T,40007.25,141.959
1706138280000T,40020.65,74.501
1706138340000T,40060.15,626.75
1706138400000T,40113.85,659.694
1706138460000T,40108.95,253.295
1706138520000T,40120.45,274.509
1706138580000T,40109.25,280.521
1706138640000T,40098.55,179.331
1706138700000T,40127.65,150.491
1706138760000T,40143.75,201.685
1706138820000T,40120.95,165.017
1706138880000T,40098.85,110.204
1706138940000T,40109.95,265.237
1706139000000T,40100.95,155.01
1706139060000T,40113.65,92.985
1706139120000T,40105.05,90.219
1706139180000T,40107.45,77.775
1706139240000T,40109.85,154.379
1706139300000T,40107.75,128.775
1706139360000T,40113.95,73.461
1706139420000T,40131.45,85.863
1706139480000T,40135.35,128.806
1706139540000T,40126.95,87.852
1706139600000T,40125.85,63.457
1706139660000T,40131.65,138.413
1706139720000T,40135.25,129.641
1706139780000T,40129.95,72.748
1706139840000T,40151.45,194.223
1706139900000T,40126,212.734
1706139960000T,40148.25,220.818
1706140020000T,40139.85,115.988
1706140080000T,40149.95,238.812
1706140140000T,40156.85,48.969
1706140200000T,40154.75,218.203
1706140260000T,40145.55,79.9
1706140320000T,40134.65,78.212
1706140380000T,40112.05,74.271
1706140440000T,40136.15,143.443
1706140500000T,40098.15,186.484
1706140560000T,40088.35,190.487
1706140620000T,40063.55,110.088
1706140680000T,40079.55,144.008
