timestamp,mid_price,equity_10
2024-01-24 00:00:00,39881.95,100000.0
2024-01-24 00:01:00,39926.55,100000.0
2024-01-24 00:02:00,39877.05,100000.0
2024-01-24 00:03:00,39927.45,100000.0
2024-01-24 00:04:00,39926.55,100000.0
2024-01-24 00:05:00,39911.15,100000.0
2024-01-24 00:06:00,39945.15,100000.0
2024-01-24 00:07:00,39938.65,100000.0
2024-01-24 00:08:00,39940.25,100000.0
2024-01-24 00:09:00,39892.75,100000.0
2024-01-24 00:10:00,39882.55,100000.0
2024-01-24 00:11:00,39826.15,100000.0
2024-01-24 00:12:00,39812.55,100000.0
2024-01-24 00:13:00,39815.15,100000.0
2024-01-24 00:14:00,39807.95,100000.0
2024-01-24 00:15:00,39806.15,100000.0
2024-01-24 00:16:00,39797.35,100000.0
2024-01-24 00:17:00,39787.25,100000.0
2024-01-24 00:18:00,39821.25,100000.0
2024-01-24 00:19:00,39837.65,100000.0
2024-01-24 00:20:00,39860.85,100058.23636685396
2024-01-24 00:21:00,39886.35,100122.2461666288
2024-01-24 00:22:00,39921.25,100209.8517357324
2024-01-24 00:23:00,39893.95,100141.32359714992
2024-01-24 00:24:00,39888.85,100128.52163719496
2024-01-24 00:25:00,39857.95,100050.9568209972
2024-01-24 00:26:00,39874.85,100093.37900202446
2024-01-24 00:27:00,39863.75,100065.51591271072
2024-01-24 00:28:00,39865.65,100040.73440576941
2024-01-24 00:29:00,39880.95,100002.3362070805
2024-01-24 00:30:00,39917.25,100073.34056262682
2024-01-24 00:31:00,39930.05,100105.43041749414
2024-01-24 00:32:00,39949.95,100155.32011373312
2024-01-24 00:33:00,39898.75,100026.96069426394
2024-01-24 00:34:00,39928.45,100101.4191856357
2024-01-24 00:35:00,39947.35,100148.8018619632
2024-01-24 00:36:00,39935.95,100120.221834972
2024-01-24 00:37:00,39947.95,100150.3060739101
2024-01-24 00:38:00,39939.55,100129.24710665345
2024-01-24 00:39:00,39944.65,100142.03290820213
2024-01-24 00:40:00,39942.55,100136.76816638798
2024-01-24 00:41:00,39949.85,100155.06941174198
2024-01-24 00:42:00,39965.45,100194.17892236149
2024-01-24 00:43:00,39967.95,100200.44647214026
2024-01-24 00:44:00,39996.95,100273.15004957397
2024-01-24 00:45:00,39988.05,100250.83757236158
2024-01-24 00:46:00,40027.45,100349.61415687496
2024-01-24 00:47:00,40063.25,100439.36546970694
2024-01-24 00:48:00,40053.15,100414.04456860072
2024-01-24 00:49:00,40089.95,100506.30290134418
2024-01-24 00:50:00,40118.25,100577.25156483985
2024-01-24 00:51:00,40161.65,100686.0562289993
2024-01-24 00:52:00,40209.35,100805.6410787782
2024-01-24 00:53:00,40225.85,100847.00690731806
2024-01-24 00:54:00,40197.05,100774.80473386667
2024-01-24 00:55:00,40150.05,100656.97479802581
2024-01-24 00:56:00,40153.85,100666.50147368952
2024-01-24 00:57:00,40168.75,100703.856070371
2024-01-24 00:58:00,40212.25,100812.91143652156
2024-01-24 00:59:00,40166.85,100699.09273253912
2024-01-24 01:00:00,40125.05,100783.72538760716
2024-01-24 01:01:00,40110.15,100821.07251336929
2024-01-24 01:02:00,40062.95,100939.38018692449
2024-01-24 01:03:00,40040.05,100996.77946074681
2024-01-24 01:04:00,40058.95,100949.4062609546
2024-01-24 01:05:00,40056.75,100954.92060167115
2024-01-24 01:06:00,40038.95,100999.5366311051
2024-01-24 01:07:00,40045.15,100983.99621635844
2024-01-24 01:08:00,40012.25,101066.46067525602
2024-01-24 01:09:00,40009.05,101074.4815344801
2024-01-24 01:10:00,39994.55,101110.82605283921
2024-01-24 01:11:00,39965.05,101184.76834881121
2024-01-24 01:12:00,39937.05,101254.95086702192
2024-01-24 01:13:00,39952.55,101216.09983015528
2024-01-24 01:14:00,39962.15,101192.03725248303
2024-01-24 01:15:00,39934.55,101261.21716329073
2024-01-24 01:16:00,39933.85,101262.97172624602
2024-01-24 01:17:00,39945.45,101233.89611155872
2024-01-24 01:18:00,39912.75,101315.8592667548
2024-01-24 01:19:00,39890.25,101372.2559331741
2024-01-24 01:20:00,39833.05,101515.62879180456
2024-01-24 01:21:00,39879.35,101399.57698490615
2024-01-24 01:22:00,39893.95,101362.98181469628
2024-01-24 01:23:00,39897.25,101354.71030362144
2024-01-24 01:24:00,39897.25,101354.71030362144
2024-01-24 01:25:00,39906.25,101332.1516370537
2024-01-24 01:26:00,39927.95,101366.97602355287
2024-01-24 01:27:00,39937.95,101392.36349674485
2024-01-24 01:28:00,39912.65,101328.13318956915
2024-01-24 01:29:00,39942.25,101403.2801102174
2024-01-24 01:30:00,39953.25,101431.20633072857
2024-01-24 01:31:00,39941.55,101401.50298709398
2024-01-24 01:32:00,39951.65,101427.14433501786
2024-01-24 01:33:00,39952.55,101429.42920760515
2024-01-24 01:34:00,39915.65,101335.74943152675
2024-01-24 01:35:00,39856.45,101465.74606416869
2024-01-24 01:36:00,39869.25,101433.2565976761
2024-01-24 01:37:00,39865.45,101442.9019080411
2024-01-24 01:38:00,39899.05,101357.61705849803
2024-01-24 01:39:00,39872.65,101424.62658313899
2024-01-24 01:40:00,39876.75,101414.2198009031
2024-01-24 01:41:00,39881.45,101402.29007492535
2024-01-24 01:42:00,39874.05,101421.07304774136
2024-01-24 01:43:00,39830.25,101532.24794089572
2024-01-24 01:44:00,39861.45,101453.05486632003
2024-01-24 01:45:00,39852.85,101474.88372661974
2024-01-24 01:46:00,39893.15,101372.59267195946
2024-01-24 01:47:00,39925.35,101434.1252968705
2024-01-24 01:48:00,39868.45,101289.56546885666
2024-01-24 01:49:00,39868.75,101268.54552984347
2024-01-24 01:50:00,39856.35,101300.04260117911
2024-01-24 01:51:00,39850.35,101315.28311956734
2024-01-24 01:52:00,39854.95,101303.59872213638
2024-01-24 01:53:00,39816.15,101402.15407438015
2024-01-24 01:54:00,39825.05,101379.54730543762
2024-01-24 01:55:00,39807.05,101425.26886060226
2024-01-24 01:56:00,39788.55,101472.26045896592
2024-01-24 01:57:00,39779.95,101494.10520198905
2024-01-24 01:58:00,39792.75,101461.59209609417
2024-01-24 01:59:00,39763.15,101536.77865347602
2024-01-24 02:00:00,39777.35,101500.70942662393
2024-01-24 02:01:00,39747.05,101577.6740444844
2024-01-24 02:02:00,39692.65,101715.85474453754
2024-01-24 02:03:00,39737.65,101601.55085662594
2024-01-24 02:04:00,39756.15,101554.55925826228
2024-01-24 02:05:00,39792.45,101462.3541220136
2024-01-24 02:06:00,39807.55,101480.55576579973
2024-01-24 02:07:00,39793.85,101445.63064194779
2024-01-24 02:08:00,39806.35,101477.49663086378
2024-01-24 02:09:00,39791.95,101440.78701163256
2024-01-24 02:10:00,39795.95,101450.98412808568
2024-01-24 02:11:00,39782.15,101415.80407632244
2024-01-24 02:12:00,39788.05,101430.84482309078
2024-01-24 02:13:00,39775.05,101397.70419461817
2024-01-24 02:14:00,39770.65,101388.63923851206
2024-01-24 02:15:00,39806.75,101296.62866831789
2024-01-24 02:16:00,39833.65,101344.80834690676
2024-01-24 02:17:00,39844.75,101373.04897694319
2024-01-24 02:18:00,39821.25,101313.26025569488
2024-01-24 02:19:00,39817.65,101304.10113243983
2024-01-24 02:20:00,39798.85,101256.27015544119
2024-01-24 02:21:00,39828.85,101159.70813949005
2024-01-24 02:22:00,39865.25,101231.90861641309
2024-01-24 02:23:00,39849.75,101192.5486579642
2024-01-24 02:24:00,39831.85,101147.09425433613
2024-01-24 02:25:00,39812.35,101097.57688725527
2024-01-24 02:26:00,39840.85,101005.00030968233
2024-01-24 02:27:00,39823.25,100940.18850267604
2024-01-24 02:28:00,39811.65,100949.39716176428
2024-01-24 02:29:00,39802.35,100972.9652031553
2024-01-24 02:30:00,39839.95,100877.67935839167
2024-01-24 02:31:00,39864.95,100920.79299822336
2024-01-24 02:32:00,39866.85,100925.60297557681
2024-01-24 02:33:00,39874.15,100944.0834148822
2024-01-24 02:34:00,39875.95,100948.64023553283
2024-01-24 02:35:00,39867.45,100927.12191579369
2024-01-24 02:36:00,39865.45,100922.05878173742
2024-01-24 02:37:00,39871.15,100936.4887137978
2024-01-24 02:38:00,39857.85,100902.81887232361
2024-01-24 02:39:00,39850.05,100902.38058212401
2024-01-24 02:40:00,39869.15,100854.0373224727
2024-01-24 02:41:00,39859.55,100809.58696255865
2024-01-24 02:42:00,39810.05,100914.59144919568
2024-01-24 02:43:00,39816.75,100897.6497339028
2024-01-24 02:44:00,39813.95,100904.72985372669
2024-01-24 02:45:00,39780.15,100990.19701445797
2024-01-24 02:46:00,39759.05,101043.55077455945
2024-01-24 02:47:00,39744.55,101080.21568079032
2024-01-24 02:48:00,39743.65,101082.49143359087
2024-01-24 02:49:00,39762.25,101035.45920904643
2024-01-24 02:50:00,39764.85,101028.8848120671
2024-01-24 02:51:00,39742.85,101084.51432496913
2024-01-24 02:52:00,39720.75,101140.39669929343
2024-01-24 02:53:00,39737.65,101097.66311892778
2024-01-24 02:54:00,39723.05,101134.58088658094
2024-01-24 02:55:00,39728.55,101120.67350835542
2024-01-24 02:56:00,39734.55,101105.50182301851
2024-01-24 02:57:00,39768.65,101019.27607802038
2024-01-24 02:58:00,39759.45,100975.7072993173
2024-01-24 02:59:00,39759.35,100975.45333275766
2024-01-24 03:00:00,39770.35,101003.38965431876
2024-01-24 03:01:00,39764.95,100989.67546009786
2024-01-24 03:02:00,39747.85,100946.24717839833
2024-01-24 03:03:00,39741.45,100942.30853800807
2024-01-24 03:04:00,39737.75,100951.70342136244
2024-01-24 03:05:00,39743.75,100936.46847538237
2024-01-24 03:06:00,39724.75,100984.71247098592
2024-01-24 03:07:00,39692.75,101065.96551621293
2024-01-24 03:08:00,39725.95,100981.66548178991
2024-01-24 03:09:00,39695.65,101058.60195898922
2024-01-24 03:10:00,39720.25,100996.13868047096
2024-01-24 03:11:00,39739.55,100947.13293756841
2024-01-24 03:12:00,39745.55,100942.18177263877
2024-01-24 03:13:00,39761.85,100983.57905014262
2024-01-24 03:14:00,39750.45,100954.62635299268
2024-01-24 03:15:00,39779.55,101028.53192203335
2024-01-24 03:16:00,39761.95,100983.83302117026
2024-01-24 03:17:00,39776.95,101021.92867531492
2024-01-24 03:18:00,39789.65,101054.18299582409
2024-01-24 03:19:00,39777.05,101022.18264634257
2024-01-24 03:20:00,39751.75,100957.92797635189
2024-01-24 03:21:00,39692.65,101087.80324871113
2024-01-24 03:22:00,39642.45,101215.2712058908
2024-01-24 03:23:00,39633.35,101238.37794713253
2024-01-24 03:24:00,39635.25,101233.55346269743
2024-01-24 03:25:00,39625.55,101258.18372533971
2024-01-24 03:26:00,39584.35,101362.79886151105
2024-01-24 03:27:00,39583.45,101365.0841436119
2024-01-24 03:28:00,39593.55,101339.43820003589
2024-01-24 03:29:00,39617.85,101277.73558331348
2024-01-24 03:30:00,39621.95,101267.32485374303
2024-01-24 03:31:00,39638.35,101225.68193546124
2024-01-24 03:32:00,39612.75,101140.07436138297
2024-01-24 03:33:00,39604.65,101140.52329409466
2024-01-24 03:34:00,39585.55,101189.28004703956
2024-01-24 03:35:00,39567.75,101234.71827753272
2024-01-24 03:36:00,39575.75,101214.29660090659
2024-01-24 03:37:00,39579.05,101205.8726592983
2024-01-24 03:38:00,39597.55,101158.64753210035
2024-01-24 03:39:00,39595.95,101162.7318674256
2024-01-24 03:40:00,39641.25,101047.09412353007
2024-01-24 03:41:00,39647.25,101042.17588014077
2024-01-24 03:42:00,39658.25,101070.20970177231
2024-01-24 03:43:00,39648.45,101045.23411522784
2024-01-24 03:44:00,39659.95,101074.54220147901
2024-01-24 03:45:00,39659.95,101074.54220147901
2024-01-24 03:46:00,39664.85,101087.02999475124
2024-01-24 03:47:00,39661.75,101079.12955410963
2024-01-24 03:48:00,39656.85,101066.64176083739
2024-01-24 03:49:00,39624.15,100983.3048547145
2024-01-24 03:50:00,39639.05,100925.14270269613
2024-01-24 03:51:00,39609.45,101000.56408088433
2024-01-24 03:52:00,39606.05,101009.22734729781
2024-01-24 03:53:00,39615.15,100986.04036954402
2024-01-24 03:54:00,39610.55,100997.7612593976
2024-01-24 03:55:00,39597.05,101032.15952309828
2024-01-24 03:56:00,39616.25,100983.23754805731
2024-01-24 03:57:00,39605.05,101011.7753668312
2024-01-24 03:58:00,39606.55,101007.95333753113
2024-01-24 03:59:00,39611.25,100995.97764572423
2024-01-24 04:00:00,39615.55,100985.02116173066
2024-01-24 04:01:00,39634.05,101011.97355330158
2024-01-24 04:02:00,39637.65,101021.1485708633
2024-01-24 04:03:00,39640.05,101027.26524923777
2024-01-24 04:04:00,39647.35,101045.87014596013
2024-01-24 04:05:00,39672.25,101109.33068409533
2024-01-24 04:06:00,39672.85,101110.85985368895
2024-01-24 04:07:00,39658.85,101075.17922983783
2024-01-24 04:08:00,39577.35,100867.46702670456
2024-01-24 04:09:00,39568.65,100869.46205781488
2024-01-24 04:10:00,39571.85,100861.30811776314
2024-01-24 04:11:00,39602.45,100783.33606601843
2024-01-24 04:12:00,39579.15,100842.70694202012
2024-01-24 04:13:00,39581.65,100836.3366763547
2024-01-24 04:14:00,39585.85,100825.6346300368
2024-01-24 04:15:00,39609.95,100764.22526902216
2024-01-24 04:16:00,39605.25,100732.11842906575
2024-01-24 04:17:00,39634.45,100806.38580165218
2024-01-24 04:18:00,39649.95,100845.80855079909
2024-01-24 04:19:00,39647.35,100839.1957025551
2024-01-24 04:20:00,39644.25,100831.31115272571
2024-01-24 04:21:00,39631.65,100799.26427277405
2024-01-24 04:22:00,39644.95,100833.09153494524
2024-01-24 04:23:00,39660.05,100871.49692282386
2024-01-24 04:24:00,39661.55,100875.31202758002
2024-01-24 04:25:00,39650.05,100846.06289111618
2024-01-24 04:26:00,39649.65,100845.04552984786
2024-01-24 04:27:00,39658.65,100867.93615838478
2024-01-24 04:28:00,39657.15,100864.12105362862
2024-01-24 04:29:00,39666.55,100888.02904343385
2024-01-24 04:30:00,39674.25,100907.61324784876
2024-01-24 04:31:00,39696.45,100964.07679823981
2024-01-24 04:32:00,39691.75,100952.1228033372
2024-01-24 04:33:00,39710.7,101000.32029342325
2024-01-24 04:34:00,39733.25,101057.67403492409
2024-01-24 04:35:00,39702.45,100979.33721726442
2024-01-24 04:36:00,39701.45,100976.79381409365
2024-01-24 04:37:00,39700.05,100973.23304965459
2024-01-24 04:38:00,39685.75,100936.8623843126
2024-01-24 04:39:00,39684.15,100920.74364301995
2024-01-24 04:40:00,39678.15,100936.00100996075
2024-01-24 04:41:00,39670.05,100956.59845533082
2024-01-24 04:42:00,39656.05,100992.1989781927
2024-01-24 04:43:00,39639.35,101034.66531617795
2024-01-24 04:44:00,39658.05,100987.11318921244
2024-01-24 04:45:00,39661.65,100977.95876904795
2024-01-24 04:46:00,39674.05,100946.4268773703
2024-01-24 04:47:00,39720.45,101044.27387576892
2024-01-24 04:48:00,39721.45,101046.8177611951
2024-01-24 04:49:00,39710.75,101019.59818713513
2024-01-24 04:50:00,39705.55,101006.36998291906
2024-01-24 04:51:00,39693.05,100974.57141509198
2024-01-24 04:52:00,39675.55,100930.05342013408
2024-01-24 04:53:00,39670.95,100921.56694203585
2024-01-24 04:54:00,39664.85,100937.08153959524
2024-01-24 04:55:00,39655.45,100960.9892800966
2024-01-24 04:56:00,39661.25,100946.23769553193
2024-01-24 04:57:00,39651.35,100971.41712435783
2024-01-24 04:58:00,39653.55,100965.82169572984
2024-01-24 04:59:00,39648.75,100978.02990364544
2024-01-24 05:00:00,39661.55,100945.4746825372
2024-01-24 05:01:00,39686.75,100881.38159098035
2024-01-24 05:02:00,39682.55,100850.53129720491
2024-01-24 05:03:00,39686.65,100860.95117138937
2024-01-24 05:04:00,39687.05,100861.96774448054
2024-01-24 05:05:00,39685.15,100857.1390222975
2024-01-24 05:06:00,39697.95,100889.66936121482
2024-01-24 05:07:00,39696.45,100885.85721212295
2024-01-24 05:08:00,39697.05,100887.38207175971
2024-01-24 05:09:00,39698.35,100890.68593430599
2024-01-24 05:10:00,39691.95,100874.42076484732
2024-01-24 05:11:00,39698.05,100889.92350448763
2024-01-24 05:12:00,39758.95,101044.69675761777
2024-01-24 05:13:00,39746.65,101013.43713506439
2024-01-24 05:14:00,39754.35,101033.00616706935
2024-01-24 05:15:00,39759.35,101045.71333070894
2024-01-24 05:16:00,39775.95,101087.90111399235
2024-01-24 05:17:00,39787.95,101118.39830672737
2024-01-24 05:18:00,39767.05,101065.28236271392
2024-01-24 05:19:00,39759.45,101045.96747398173
2024-01-24 05:20:00,39751.95,101026.90672852234
2024-01-24 05:21:00,39735.35,101048.8806929034
2024-01-24 05:22:00,39745.25,101023.72554093382
2024-01-24 05:23:00,39767.65,100966.8088334471
2024-01-24 05:24:00,39781.85,100982.66089904908
2024-01-24 05:25:00,39780.45,100979.10712451977
2024-01-24 05:26:00,39766.35,100943.31553818891
2024-01-24 05:27:00,39778.65,100974.53798583926
2024-01-24 05:28:00,39767.25,100945.60010752919
2024-01-24 05:29:00,39781.85,100982.66089904908
2024-01-24 05:30:00,39789.95,101003.22202311149
2024-01-24 05:31:00,39814.05,101064.39771322312
2024-01-24 05:32:00,39806.75,101045.86731746317
2024-01-24 05:33:00,39796.65,101020.22937264461
2024-01-24 05:34:00,39803.85,101038.50592736674
2024-01-24 05:35:00,39781.45,100981.64553489785
2024-01-24 05:36:00,39782.65,100958.40372255565
2024-01-24 05:37:00,39775.65,100976.16904142765
2024-01-24 05:38:00,39763.15,101007.89282512765
2024-01-24 05:39:00,39740.05,101066.51837740526
2024-01-24 05:40:00,39757.15,101023.12024130365
2024-01-24 05:41:00,39757.15,101023.12024130365
2024-01-24 05:42:00,39749.35,101042.91588233247
2024-01-24 05:43:00,39750.45,101040.12418936686
2024-01-24 05:44:00,39756.75,101024.13540238206
2024-01-24 05:45:00,39760.75,101013.98379159806
2024-01-24 05:46:00,39777.85,101037.21562962435
2024-01-24 05:47:00,39765.05,101004.70315446395
2024-01-24 05:48:00,39772.15,101022.73741802949
2024-01-24 05:49:00,39754.65,100978.28676839612
2024-01-24 05:50:00,39752.95,100962.40831053708
2024-01-24 05:51:00,39749.15,100972.0585211721
2024-01-24 05:52:00,39738.05,101000.24729434284
2024-01-24 05:53:00,39734.95,101008.11983459776
2024-01-24 05:54:00,39734.95,101008.11983459776
2024-01-24 05:55:00,39735.65,101006.34216421761
2024-01-24 05:56:00,39736.65,101003.80263510313
2024-01-24 05:57:00,39737.35,101002.024964723
2024-01-24 05:58:00,39789.15,100870.47735659282
2024-01-24 05:59:00,39791.75,100856.89326840939
2024-01-24 06:00:00,39803.35,100886.29483938612
2024-01-24 06:01:00,39795.65,100866.77827934122
2024-01-24 06:02:00,39773.75,100811.2701410317
2024-01-24 06:03:00,39773.85,100811.52360285046
2024-01-24 06:04:00,39766.75,100793.52781371814
2024-01-24 06:05:00,39735.25,100853.19361297178
2024-01-24 06:06:00,39723.95,100881.82907025513
2024-01-24 06:07:00,39720.95,100889.43140404717
2024-01-24 06:08:00,39703.45,100933.77835116738
2024-01-24 06:09:00,39718.95,100894.49962657518
2024-01-24 06:10:00,39732.85,100859.27548000541
2024-01-24 06:11:00,39719.95,100891.96551531118
2024-01-24 06:12:00,39700.45,100941.38068495941
2024-01-24 06:13:00,39667.95,101023.73930103981
2024-01-24 06:14:00,39680.25,100992.56973249245
2024-01-24 06:15:00,39687.45,100974.32413139156
2024-01-24 06:16:00,39684.75,100981.1662318044
2024-01-24 06:17:00,39688.55,100971.53660900114
2024-01-24 06:18:00,39691.65,100963.68086408271
2024-01-24 06:19:00,39701.25,100939.3533959482
2024-01-24 06:20:00,39715.55,100955.5156166896
2024-01-24 06:21:00,39713.55,100950.43168781958
2024-01-24 06:22:00,39725.95,100981.95204681365
2024-01-24 06:23:00,39735.85,101007.11749472021
2024-01-24 06:24:00,39746.65,101034.57071061827
2024-01-24 06:25:00,39730.85,100994.40767254517
2024-01-24 06:26:00,39723.75,100976.35972505664
2024-01-24 06:27:00,39763.55,101077.52990956987
2024-01-24 06:28:00,39780.05,101119.47232274746
2024-01-24 06:29:00,39772.65,101100.66178592842
2024-01-24 06:30:00,39796.95,101162.43152169905
2024-01-24 06:31:00,39822.35,101226.9974183482
2024-01-24 06:32:00,39854.15,101307.83188738138
2024-01-24 06:33:00,39861.65,101326.89662064392
2024-01-24 06:34:00,39836.55,101263.09331332528
2024-01-24 06:35:00,39831.25,101249.62090181976
2024-01-24 06:36:00,39838.75,101268.68563508229
2024-01-24 06:37:00,39874.15,101358.6711760815
2024-01-24 06:38:00,39862.05,101327.91340641792
2024-01-24 06:39:00,39845.75,101286.47938612734
2024-01-24 06:40:00,39858.05,101317.7455486779
2024-01-24 06:41:00,39857.65,101316.7287629039
2024-01-24 06:42:00,39833.55,101255.46742002027
2024-01-24 06:43:00,39842.75,101211.8349309488
2024-01-24 06:44:00,39836.75,101227.0836672015
2024-01-24 06:45:00,39857.35,101174.72967273387
2024-01-24 06:46:00,39862.75,101168.1994580854
2024-01-24 06:47:00,39862.65,101167.94566676528
2024-01-24 06:48:00,39872.75,101193.57859009663
2024-01-24 06:49:00,39869.05,101184.18831125248
2024-01-24 06:50:00,39877.85,101206.52194742236
2024-01-24 06:51:00,39876.95,101204.23782554135
2024-01-24 06:52:00,39858.25,101156.77884868035
2024-01-24 06:53:00,39865.45,101118.27817245755
2024-01-24 06:54:00,39864.95,101096.78652593726
2024-01-24 06:55:00,39871.65,101059.57948897788
2024-01-24 06:56:00,39872.85,101042.40851171913
2024-01-24 06:57:00,39884.45,101071.80425189661
2024-01-24 06:58:00,39876.55,101051.78473918955
2024-01-24 06:59:00,39883.55,101069.52354791734
2024-01-24 07:00:00,39861.75,101014.27982930792
2024-01-24 07:01:00,39869.95,100973.3013819247
2024-01-24 07:02:00,39870.75,100971.27449495714
2024-01-24 07:03:00,39874.75,100961.1400601194
2024-01-24 07:04:00,39866.25,100919.43050456118
2024-01-24 07:05:00,39837.75,100971.37852273083
2024-01-24 07:06:00,39842.75,100958.72380268337
2024-01-24 07:07:00,39818.25,101020.73193091595
2024-01-24 07:08:00,39842.35,100959.73618028716
2024-01-24 07:09:00,39843.05,100957.9645194805
2024-01-24 07:10:00,39878.25,100868.87529034635
2024-01-24 07:11:00,39885.25,100866.40391974703
2024-01-24 07:12:00,39881.15,100856.03536856406
2024-01-24 07:13:00,39887.15,100871.20885810012
2024-01-24 07:14:00,39920.55,100955.67461651757
2024-01-24 07:15:00,39960.45,101056.57832193241
2024-01-24 07:16:00,40009.55,101180.74804463593
2024-01-24 07:17:00,40016.45,101198.19755760238
2024-01-24 07:18:00,39998.05,101151.66552302512
2024-01-24 07:19:00,40025.05,101219.94622593744
2024-01-24 07:20:00,40083.65,101368.14064040637
2024-01-24 07:21:00,40071.35,101337.03498685743
2024-01-24 07:22:00,40109.35,101433.13375391919
2024-01-24 07:23:00,40135.95,101500.40289086242
2024-01-24 07:24:00,40108.15,101430.09905601198
2024-01-24 07:25:00,40059.55,101307.19379076983
2024-01-24 07:26:00,40069.35,101262.15394244269
2024-01-24 07:27:00,40050.35,101193.89484000314
2024-01-24 07:28:00,40084.05,101088.52441526283
2024-01-24 07:29:00,40095.85,101098.05934313974
2024-01-24 07:30:00,40060.75,101009.5578677266
2024-01-24 07:31:00,40033.35,101058.42876066118
2024-01-24 07:32:00,40043.25,101033.47179844839
2024-01-24 07:33:00,40040.25,101041.03451427045
2024-01-24 07:34:00,40017.15,101099.26742610028
2024-01-24 07:35:00,40003.05,101134.81219046394
2024-01-24 07:36:00,39978.95,101195.56600756782
2024-01-24 07:37:00,39980.05,101192.79301176638
2024-01-24 07:38:00,39992.25,101162.03796742336
2024-01-24 07:39:00,40022.15,101086.66289973019
2024-01-24 07:40:00,40008.25,101031.3444145789
2024-01-24 07:41:00,40007.65,101012.65300032939
2024-01-24 07:42:00,39990.25,101056.5837846985
2024-01-24 07:43:00,39986.05,101067.18776713242
2024-01-24 07:44:00,39993.15,101049.26198730365
2024-01-24 07:45:00,39973.75,101098.24228711748
2024-01-24 07:46:00,39961.55,101129.04433133028
2024-01-24 07:47:00,39955.95,101143.18297457552
2024-01-24 07:48:00,39953.05,101150.50477197036
2024-01-24 07:49:00,39939.65,101184.33652545002
2024-01-24 07:50:00,39941.45,101179.79196154978
2024-01-24 07:51:00,39930.05,101208.57419958469
2024-01-24 07:52:00,39933.15,101200.74745064537
2024-01-24 07:53:00,39920.75,101232.05444640268
2024-01-24 07:54:00,39948.05,101163.12856058218
2024-01-24 07:55:00,39949.95,101147.7064701096
2024-01-24 07:56:00,39953.25,101156.0616102625
2024-01-24 07:57:00,39948.15,101143.1491209353
2024-01-24 07:58:00,39962.75,101180.11428646024
2024-01-24 07:59:00,39979.55,101222.64954542047
2024-01-24 08:00:00,39998.05,101269.48896748976
2024-01-24 08:01:00,39994.85,101261.38701340208
2024-01-24 08:02:00,39982.05,101228.97919705146
2024-01-24 08:03:00,40016.95,101317.34113382
2024-01-24 08:04:00,40043.95,101385.70137143464
2024-01-24 08:05:00,40071.65,101455.83391150596
2024-01-24 08:06:00,40079.45,101475.58242459463
2024-01-24 08:07:00,40106.55,101544.19584827451
2024-01-24 08:08:00,40073.15,101459.63170248455
2024-01-24 08:09:00,40040.45,101376.83985915125
2024-01-24 08:10:00,40046.55,101341.1232300698
2024-01-24 08:11:00,40067.95,101374.9986531816
2024-01-24 08:12:00,40088.45,101426.86523164119
2024-01-24 08:13:00,40066.85,101372.21556848376
2024-01-24 08:14:00,40057.05,101376.73092099982
2024-01-24 08:15:00,40058.95,101371.92473613285
2024-01-24 08:16:00,39978.45,101575.55520023452
2024-01-24 08:17:00,39881.55,101820.6706284513
2024-01-24 08:18:00,39914.05,101738.45957151585
2024-01-24 08:19:00,39948.65,101650.93641551687
2024-01-24 08:20:00,39920.55,101722.01736012875
2024-01-24 08:21:00,39942.45,101666.61975560918
2024-01-24 08:22:00,39952.25,101641.82995997941
2024-01-24 08:23:00,39954.55,101636.01194671936
2024-01-24 08:24:00,39975.25,101583.64982737893
2024-01-24 08:25:00,39964.35,101535.63995401193
2024-01-24 08:26:00,39970.15,101550.37575508798
2024-01-24 08:27:00,39979.35,101573.749784381
2024-01-24 08:28:00,39927.25,101441.38164023243
2024-01-24 08:29:00,39945.95,101373.59261076199
2024-01-24 08:30:00,39929.25,101416.01306945065
2024-01-24 08:31:00,39890.75,101513.808737685
2024-01-24 08:32:00,39906.05,101474.94448511394
2024-01-24 08:33:00,39913.05,101457.16345452587
2024-01-24 08:34:00,39897.85,101495.77369237426
2024-01-24 08:35:00,39907.15,101472.15032316439
2024-01-24 08:36:00,39905.45,101476.46857345008
2024-01-24 08:37:00,39925.85,101424.649570022
2024-01-24 08:38:00,39898.05,101333.75771910332
2024-01-24 08:39:00,39908.45,101287.08215043531
2024-01-24 08:40:00,39891.85,101224.70259469426
2024-01-24 08:41:00,39891.05,101206.48723079618
2024-01-24 08:42:00,39897.25,101190.75801198444
2024-01-24 08:43:00,39892.35,101203.18916878727
2024-01-24 08:44:00,39887.05,101216.63511390054
2024-01-24 08:45:00,39906.55,101167.16418376678
2024-01-24 08:46:00,39927.35,101199.65032101612
2024-01-24 08:47:00,39922.25,101186.72388796616
2024-01-24 08:48:00,39926.25,101196.86226682887
2024-01-24 08:49:00,39931.95,101211.30945670823
2024-01-24 08:50:00,39920.15,101181.40123906324
2024-01-24 08:51:00,39938.15,101227.02394394545
2024-01-24 08:52:00,39936.65,101223.22205187193
2024-01-24 08:53:00,39956.75,101274.16740565705
2024-01-24 08:54:00,39985.45,101346.91027399698
2024-01-24 08:55:00,39983.75,101342.60146298034
2024-01-24 08:56:00,40006.65,101400.64368196936
2024-01-24 08:57:00,39983.85,101342.85492245191
2024-01-24 08:58:00,39956.35,101273.15356777077
2024-01-24 08:59:00,39948.65,101272.41141309208
2024-01-24 09:00:00,39928.65,101323.09316902676
2024-01-24 09:01:00,39943.75,101284.82844329608
2024-01-24 09:02:00,39964.75,101231.61259956464
2024-01-24 09:03:00,39995.75,101153.05587786587
2024-01-24 09:04:00,40003.45,101152.29540425625
2024-01-24 09:05:00,39998.95,101140.916752432
2024-01-24 09:06:00,40013.05,101176.56986148134
2024-01-24 09:07:00,40011.55,101172.77697753992
2024-01-24 09:08:00,40002.25,101149.26109710312
2024-01-24 09:09:00,39997.45,101137.12386849057
2024-01-24 09:10:00,40007.55,101162.66262036281
2024-01-24 09:11:00,40033.55,101228.40594201408
2024-01-24 09:12:00,40063.95,101305.27505656017
2024-01-24 09:13:00,40074.35,101331.57238522069
2024-01-24 09:14:00,40086.35,101361.91545675205
2024-01-24 09:15:00,40040.75,101246.61178493289
2024-01-24 09:16:00,40065.65,101309.57365836046
2024-01-24 09:17:00,40063.65,101304.5164797719
2024-01-24 09:18:00,40053.05,101277.71343325253
2024-01-24 09:19:00,40033.95,101229.41737773178
2024-01-24 09:20:00,39995.95,101305.23867016024
2024-01-24 09:21:00,39975.15,101357.82280854978
2024-01-24 09:22:00,39968.75,101374.00254343888
2024-01-24 09:23:00,39949.95,101421.5305146756
2024-01-24 09:24:00,39988.65,101323.6936802681
2024-01-24 09:25:00,40013.25,101261.50282428814
2024-01-24 09:26:00,40018.05,101253.39545077905
2024-01-24 09:27:00,40015.75,101247.57600656482
2024-01-24 09:28:00,40047.15,101327.02407105459
2024-01-24 09:29:00,40026.85,101275.66115038126
2024-01-24 09:30:00,40004.35,101218.7318048074
2024-01-24 09:31:00,40010.15,101233.40692499977
2024-01-24 09:32:00,40003.65,101216.96066961177
2024-01-24 09:33:00,40000.75,101204.05337006201
2024-01-24 09:34:00,40000.45,101204.81227619143
2024-01-24 09:35:00,39978.25,101260.97132976678
2024-01-24 09:36:00,40006.85,101188.62227876429
2024-01-24 09:37:00,39963.55,101298.15773010721
2024-01-24 09:38:00,39961.45,101303.470073013
2024-01-24 09:39:00,39954.05,101322.1897575381
2024-01-24 09:40:00,39954.65,101320.67194527932
2024-01-24 09:41:00,39958.55,101310.80616559715
2024-01-24 09:42:00,39943.25,101349.5103781964
2024-01-24 09:43:00,39963.55,101298.15773010721
2024-01-24 09:44:00,39953.45,101323.70756979691
2024-01-24 09:45:00,39936.05,101367.72412530192
2024-01-24 09:46:00,39948.55,101336.10303657704
2024-01-24 09:47:00,39952.85,101325.22538205571
2024-01-24 09:48:00,39922.05,101226.86346082708
2024-01-24 09:49:00,39917.65,101217.77255338877
2024-01-24 09:50:00,39952.95,101128.28332078397
2024-01-24 09:51:00,39997.75,101221.43204531953
2024-01-24 09:52:00,40005.15,101240.15906364268
2024-01-24 09:53:00,40006.65,101243.95508087036
2024-01-24 09:54:00,40015.05,101265.21277734531
2024-01-24 09:55:00,40005.55,101241.17133490341
2024-01-24 09:56:00,40033.25,101311.27111970767
2024-01-24 09:57:00,40035.65,101317.34474727196
2024-01-24 09:58:00,40031.95,101307.98123811035
2024-01-24 09:59:00,40015.65,101266.73118423637
2024-01-24 10:00:00,39990.45,101202.95809481153
2024-01-24 10:01:00,39996.45,101167.53647109568
2024-01-24 10:02:00,39983.65,101199.92267290238
2024-01-24 10:03:00,40008.25,101137.68044130511
2024-01-24 10:04:00,40035.55,101068.60674526426
2024-01-24 10:05:00,40049.95,101084.73814367861
2024-01-24 10:06:00,40049.95,101084.73814367861
2024-01-24 10:07:00,40042.25,101065.3036004718
2024-01-24 10:08:00,40003.85,100968.38328110267
2024-01-24 10:09:00,40004.45,100946.6755273323
2024-01-24 10:10:00,40010.75,100930.77771763378
2024-01-24 10:11:00,40014.75,100920.68387020615
2024-01-24 10:12:00,40042.75,100850.02693821274
2024-01-24 10:13:00,40042.15,100828.34609967405
2024-01-24 10:14:00,40053.95,100858.05915164492
2024-01-24 10:15:00,40081.35,100927.05386554344
2024-01-24 10:16:00,40084.35,100934.60803129875
2024-01-24 10:17:00,40061.65,100877.44817708357
2024-01-24 10:18:00,40077.25,100916.72983901118
2024-01-24 10:19:00,40071.15,100901.36970197539
2024-01-24 10:20:00,40061.25,100876.44095498286
2024-01-24 10:21:00,40120.45,101025.50982588765
2024-01-24 10:22:00,40088.85,100945.93927993171
2024-01-24 10:23:00,40111.95,101004.1063562476
2024-01-24 10:24:00,40107.05,100991.76788551394
2024-01-24 10:25:00,40090.85,100950.97539043525
2024-01-24 10:26:00,40126.35,101040.36635187309
2024-01-24 10:27:00,40141.75,101079.14440275036
2024-01-24 10:28:00,40149.95,101099.79245581487
2024-01-24 10:29:00,40153.25,101108.10203814572
2024-01-24 10:30:00,40178.15,101170.80161391481
2024-01-24 10:31:00,40131.55,101053.46023918231
2024-01-24 10:32:00,40170.75,101152.1680050517
2024-01-24 10:33:00,40157.95,101119.93689782903
2024-01-24 10:34:00,40141.85,101079.39620827553
2024-01-24 10:35:00,40120.55,101112.8041789812
2024-01-24 10:36:00,40148.85,101041.55746754883
2024-01-24 10:37:00,40153.75,101029.2214645093
2024-01-24 10:38:00,40139.65,100973.54627749637
2024-01-24 10:39:00,40169.65,100877.8999749398
2024-01-24 10:40:00,40177.35,100877.05751031527
2024-01-24 10:41:00,40272.05,101114.82972142992
2024-01-24 10:42:00,40312.95,101217.52120437172
2024-01-24 10:43:00,40319.95,101235.0967637994
2024-01-24 10:44:00,40275.85,101124.37073940494
2024-01-24 10:45:00,40441.25,101539.65610073929
2024-01-24 10:46:00,40389.75,101410.35019923555
2024-01-24 10:47:00,40399.75,101435.45814127511
2024-01-24 10:48:00,40464.55,101598.15760569148
2024-01-24 10:49:00,40479.55,101635.81951875081
2024-01-24 10:50:00,40473.95,101621.75907120864
2024-01-24 10:51:00,40420.65,101487.9337401378
2024-01-24 10:52:00,40358.75,101332.5155789129
2024-01-24 10:53:00,40372.05,101278.86219159709
2024-01-24 10:54:00,40341.25,101356.17918658664
2024-01-24 10:55:00,40330.05,101384.29445749192
2024-01-24 10:56:00,40361.15,101306.22437488884
2024-01-24 10:57:00,40340.05,101359.19153704078
2024-01-24 10:58:00,40343.25,101351.1586024964
2024-01-24 10:59:00,40346.45,101343.12566795204
2024-01-24 11:00:00,40275.45,101521.35640315524
2024-01-24 11:01:00,40240.15,101609.9697123478
2024-01-24 11:02:00,40254.95,101572.8173900801
2024-01-24 11:03:00,40257.95,101565.28651394475
2024-01-24 11:04:00,40238.45,101614.2372088245
2024-01-24 11:05:00,40224.45,101649.38129745612
2024-01-24 11:06:00,40229.05,101637.83395404858
2024-01-24 11:07:00,40244.75,101598.42236894027
2024-01-24 11:08:00,40211.75,101681.26200642907
2024-01-24 11:09:00,40214.75,101673.73113029373
2024-01-24 11:10:00,40220.25,101659.9245240456
2024-01-24 11:11:00,40226.45,101644.36071336588
2024-01-24 11:12:00,40232.65,101628.79690268615
2024-01-24 11:13:00,40221.35,101579.93273671497
2024-01-24 11:14:00,40180.05,101663.89997715483
2024-01-24 11:15:00,40191.85,101634.1047694442
2024-01-24 11:16:00,40178.35,101668.19250707925
2024-01-24 11:17:00,40155.55,101725.76290841842
2024-01-24 11:18:00,40159.95,101714.65283096701
2024-01-24 11:19:00,40174.75,101677.28257044859
2024-01-24 11:20:00,40196.35,101622.74219023251
2024-01-24 11:21:00,40192.35,101592.30703049351
2024-01-24 11:22:00,40195.55,101600.39551953429
2024-01-24 11:23:00,40202.55,101618.08908931096
2024-01-24 11:24:00,40230.75,101689.36889898269
2024-01-24 11:25:00,40222.95,101669.65320694582
2024-01-24 11:26:00,40210.55,101638.31031191288
2024-01-24 11:27:00,40221.05,101664.85066657788
2024-01-24 11:28:00,40201.15,101614.55037535563
2024-01-24 11:29:00,40206.35,101581.08629934826
2024-01-24 11:30:00,40175.05,101660.18600967154
2024-01-24 11:31:00,40193.15,101614.44464363794
2024-01-24 11:32:00,40217.25,101553.5403938363
2024-01-24 11:33:00,40215.65,101529.19029550841
2024-01-24 11:34:00,40181.95,101444.11063838589
2024-01-24 11:35:00,40151.05,101501.81693829986
2024-01-24 11:36:00,40164.45,101467.993810942
2024-01-24 11:37:00,40185.65,101414.48259452505
2024-01-24 11:38:00,40185.75,101414.23018312686
2024-01-24 11:39:00,40190.05,101403.37649300454
2024-01-24 11:40:00,40187.85,101377.54611545877
2024-01-24 11:41:00,40169.65,101331.63494232309
2024-01-24 11:42:00,40151.05,101358.27944120055
2024-01-24 11:43:00,40126.15,101421.079417763
2024-01-24 11:44:00,40131.05,101408.72118944347
2024-01-24 11:45:00,40113.3,101453.48824100908
2024-01-24 11:46:00,40126.85,101419.31395657451
2024-01-24 11:47:00,40141.85,101381.4826453923
2024-01-24 11:48:00,40143.55,101377.19509679165
2024-01-24 11:49:00,40171.05,101307.83769295762
2024-01-24 11:50:00,40194.15,101345.8206325578
2024-01-24 11:51:00,40187.65,101329.43148552741
2024-01-24 11:52:00,40179.25,101308.25166474967
2024-01-24 11:53:00,40187.35,101328.67506335677
2024-01-24 11:54:00,40191.25,101338.50855157501
2024-01-24 11:55:00,40176.85,101302.20028738459
2024-01-24 11:56:00,40181.35,101313.5466199441
2024-01-24 11:57:00,40189.15,101333.21359638058
2024-01-24 11:58:00,40189.95,101335.23072216893
2024-01-24 11:59:00,40195.15,101348.34203979325
2024-01-24 12:00:00,40200.05,101360.69693524693
2024-01-24 12:01:00,40227.25,101429.27921205103
2024-01-24 12:02:00,40188.15,101330.69218914513
2024-01-24 12:03:00,40222.05,101224.96744056678
2024-01-24 12:04:00,40234.95,101237.18078571548
2024-01-24 12:05:00,40254.95,101287.50379135396
2024-01-24 12:06:00,40274.65,101337.07195190788
2024-01-24 12:07:00,40250.85,101277.18757519807
2024-01-24 12:08:00,40256.35,101291.02640174866
2024-01-24 12:09:00,40241.85,101254.54222266075
2024-01-24 12:10:00,40203.55,101158.17366686306
2024-01-24 12:11:00,40177.95,101202.34259665753
2024-01-24 12:12:00,40209.05,101124.10597334441
2024-01-24 12:13:00,40208.95,101124.35753804962
2024-01-24 12:14:00,40233.95,101061.46636175291
2024-01-24 12:15:00,40215.15,100994.04081756966
2024-01-24 12:16:00,40235.35,100923.12302393452
2024-01-24 12:17:00,40197.85,100808.8952211301
2024-01-24 12:18:00,40207.35,100764.91393512966
2024-01-24 12:19:00,40199.45,100784.72173565114
2024-01-24 12:20:00,40208.95,100760.90222869493
2024-01-24 12:21:00,40229.85,100708.49931339125
2024-01-24 12:22:00,40216.55,100655.07001349378
2024-01-24 12:23:00,40239.95,100713.63616693845
2024-01-24 12:24:00,40253.25,100746.92376697325
2024-01-24 12:25:00,40238.95,100711.13333986816
2024-01-24 12:26:00,40250.05,100738.91472034834
2024-01-24 12:27:00,40261.15,100766.69610082851
2024-01-24 12:28:00,40209.95,100638.55135482988
2024-01-24 12:29:00,40181.25,100690.24041524873
2024-01-24 12:30:00,40164.35,100732.52973318106
2024-01-24 12:31:00,40141.45,100789.83301014263
2024-01-24 12:32:00,40179.05,100695.74553355944
2024-01-24 12:33:00,40170.25,100717.76600680231
2024-01-24 12:34:00,40181.05,100690.7408805497
2024-01-24 12:35:00,40160.95,100741.03764329762
2024-01-24 12:36:00,40181.85,100688.73901934581
2024-01-24 12:37:00,40127.75,100824.11488325935
2024-01-24 12:38:00,40137.15,100800.59301411356
2024-01-24 12:39:00,40150.85,100766.31114099683
2024-01-24 12:40:00,40184.85,100681.23203983119
2024-01-24 12:41:00,40152.95,100581.1878441386
2024-01-24 12:42:00,40163.05,100535.77665755042
2024-01-24 12:43:00,40192.75,100589.99939958018
2024-01-24 12:44:00,40196.35,100599.00908410881
2024-01-24 12:45:00,40175.05,100545.70178398104
2024-01-24 12:46:00,40175.85,100547.7039360985
2024-01-24 12:47:00,40157.85,100502.6555134553
2024-01-24 12:48:00,40165.25,100464.03877924739
2024-01-24 12:49:00,40151.15,100499.31965273168
2024-01-24 12:50:00,40109.15,100604.4116163019
2024-01-24 12:51:00,40070.65,100700.74591624129
2024-01-24 12:52:00,40071.15,100699.49482143688
2024-01-24 12:53:00,40080.45,100676.22445807491
2024-01-24 12:54:00,40048.25,100756.79496347875
2024-01-24 12:55:00,40056.45,100736.27700868648
2024-01-24 12:56:00,39983.85,100917.93597428643
2024-01-24 12:57:00,40003.75,100868.14240107102
2024-01-24 12:58:00,40025.55,100813.59466759884
2024-01-24 12:59:00,40030.45,100801.33393851566
2024-01-24 13:00:00,40025.55,100813.59466759884
2024-01-24 13:01:00,40055.15,100739.52985517793
2024-01-24 13:02:00,40040.05,100681.4127325785
2024-01-24 13:03:00,40015.05,100618.54979114074
2024-01-24 13:04:00,40001.75,100631.86247741044
2024-01-24 13:05:00,39999.95,100636.38770396762
2024-01-24 13:06:00,40026.95,100568.50930561019
2024-01-24 13:07:00,40021.15,100533.8259027226
2024-01-24 13:08:00,40033.65,100482.32519985613
2024-01-24 13:09:00,40033.45,100461.72684588654
2024-01-24 13:10:00,40026.85,100445.16451120934
2024-01-24 13:11:00,40044.95,100490.58545933923
2024-01-24 13:12:00,40042.05,100483.30806985988
2024-01-24 13:13:00,40029.05,100450.68528943509
2024-01-24 13:14:00,40043.75,100487.57412576157
2024-01-24 13:15:00,40030.95,100455.45323426639
2024-01-24 13:16:00,39987.05,100545.50473074536
2024-01-24 13:17:00,40019.45,100464.21498534954
2024-01-24 13:18:00,39994.95,100525.68408294824
2024-01-24 13:19:00,40013.35,100479.51953618023
2024-01-24 13:20:00,40036.95,100420.30848706476
2024-01-24 13:21:00,40057.05,100450.6289769366
2024-01-24 13:22:00,40041.65,100412.0105642915
2024-01-24 13:23:00,40035.75,100397.215198408
2024-01-24 13:24:00,40056.15,100448.37205671707
2024-01-24 13:25:00,40051.55,100436.8366867062
2024-01-24 13:26:00,40085.45,100521.84734830803
2024-01-24 13:27:00,40084.85,100520.34273482836
2024-01-24 13:28:00,40086.95,100525.60888200723
2024-01-24 13:29:00,40075.25,100496.2689191535
2024-01-24 13:30:00,40073.15,100491.00277197463
2024-01-24 13:31:00,40050.85,100435.08130431324
2024-01-24 13:32:00,40040.55,100440.81832028057
2024-01-24 13:33:00,40042.45,100436.05466385014
2024-01-24 13:34:00,40032.25,100461.62797731883
2024-01-24 13:35:00,40022.95,100484.94482195207
2024-01-24 13:36:00,40033.35,100458.87007096437
2024-01-24 13:37:00,40045.35,100428.78381982472
2024-01-24 13:38:00,40023.55,100483.44050939508
2024-01-24 13:39:00,40015.25,100504.25016643334
2024-01-24 13:40:00,40014.85,100505.25304147134
2024-01-24 13:41:00,39979.35,100594.25820109282
2024-01-24 13:42:00,39957.05,100650.16848446066
2024-01-24 13:43:00,39951.55,100663.95801623301
2024-01-24 13:44:00,39944.35,100682.0097669168
2024-01-24 13:45:00,39970.35,100616.82288944756
2024-01-24 13:46:00,39948.05,100672.73317281541
2024-01-24 13:47:00,39900.65,100791.57386481704
2024-01-24 13:48:00,39880.05,100843.22192927345
2024-01-24 13:49:00,39908.85,100771.01492653828
2024-01-24 13:50:00,39934.85,100705.82804906904
2024-01-24 13:51:00,39904.75,100781.29439567766
2024-01-24 13:52:00,39919.95,100743.18514423411
2024-01-24 13:53:00,39927.45,100724.38123727182
2024-01-24 13:54:00,39936.85,100727.94485785534
2024-01-24 13:55:00,39943.65,100745.0956853501
2024-01-24 13:56:00,39957.95,100781.16286669932
2024-01-24 13:57:00,39961.95,100791.25158875505
2024-01-24 13:58:00,39956.45,100777.37959592843
2024-01-24 13:59:00,39976.25,100827.3187701043
2024-01-24 14:00:00,39966.75,100803.35805522194
2024-01-24 14:01:00,39968.05,100806.63688989007
2024-01-24 14:02:00,39917.85,100680.02342809063
2024-01-24 14:03:00,39907.05,100687.12152504557
2024-01-24 14:04:00,39899.05,100707.2949336682
2024-01-24 14:05:00,39889.85,100730.49435358426
2024-01-24 14:06:00,39897.95,100710.06877735384
2024-01-24 14:07:00,39869.95,100780.67570753308
2024-01-24 14:08:00,39847.35,100837.66558689204
2024-01-24 14:09:00,39875.05,100767.81515953613
2024-01-24 14:10:00,39867.25,100787.48423294321
2024-01-24 14:11:00,39903.65,100695.6952237102
2024-01-24 14:12:00,39880.65,100617.5278644413
2024-01-24 14:13:00,39860.45,100648.35808123878
2024-01-24 14:14:00,39861.25,100646.34011203598
2024-01-24 14:15:00,39879.25,100600.9358049733
2024-01-24 14:16:00,39875.35,100570.97929488974
2024-01-24 14:17:00,39875.65,100571.73593511456
2024-01-24 14:18:00,39840.05,100481.94796177017
2024-01-24 14:19:00,39813.05,100529.93557288688
2024-01-24 14:20:00,39789.05,100590.45468462826
2024-01-24 14:21:00,39813.15,100529.6834099213
2024-01-24 14:22:00,39813.05,100529.93557288688
2024-01-24 14:23:00,39866.75,100394.52406036554
2024-01-24 14:24:00,39910.35,100484.21898484185
2024-01-24 14:25:00,39890.45,100434.11579211618
2024-01-24 14:26:00,39939.05,100556.47836329543
2024-01-24 14:27:00,39993.45,100693.44387506807
2024-01-24 14:28:00,39985.05,100672.29478869142
2024-01-24 14:29:00,39961.15,100612.12060245307
2024-01-24 14:30:00,40001.85,100714.59296144472
2024-01-24 14:31:00,40093.85,100946.2258122367
2024-01-24 14:32:00,40187.35,101181.63528559594
2024-01-24 14:33:00,40063.85,100870.6933608915
2024-01-24 14:34:00,40021.95,100765.19970384601
2024-01-24 14:35:00,39900.75,100460.04860041138
2024-01-24 14:36:00,39938.95,100343.79783824268
2024-01-24 14:37:00,40019.8,100140.2785938586
2024-01-24 14:38:00,40045.45,100184.42088447597
2024-01-24 14:39:00,40131.45,100399.57292287397
2024-01-24 14:40:00,40081.65,100274.9848820342
2024-01-24 14:41:00,40077.65,100264.9778104808
2024-01-24 14:42:00,40045.15,100183.67035410948
2024-01-24 14:43:00,40026.25,100136.38694101968
2024-01-24 14:44:00,40066.15,100016.55908899411
2024-01-24 14:45:00,40001.55,99835.32797008216
2024-01-24 14:46:00,39967.65,99899.95114498289
2024-01-24 14:47:00,39983.05,99861.52372009736
2024-01-24 14:48:00,39985.65,99855.03597303877
2024-01-24 14:49:00,39939.55,99970.06871896228
2024-01-24 14:50:00,39916.15,100028.45844248963
2024-01-24 14:51:00,39922.25,100013.23718977525
2024-01-24 14:52:00,39912.75,100036.94241941241
2024-01-24 14:53:00,39881.65,100114.5458553825
2024-01-24 14:54:00,39860.05,100168.44406171543
2024-01-24 14:55:00,39880.45,100117.54020017879
2024-01-24 14:56:00,39838.25,100222.84132551441
2024-01-24 14:57:00,39820.05,100268.25555492456
2024-01-24 14:58:00,39845.25,100205.37431420281
2024-01-24 14:59:00,39907.05,100051.1655571947
2024-01-24 15:00:00,39901.25,100016.61702318456
2024-01-24 15:01:00,39861.85,99917.8568412175
2024-01-24 15:02:00,39867.15,99884.59092775197
2024-01-24 15:03:00,39891.55,99925.73442027632
2024-01-24 15:04:00,39913.45,99980.59249382332
2024-01-24 15:05:00,39914.95,99984.34989612106
2024-01-24 15:06:00,39917.15,99989.86075282442
2024-01-24 15:07:00,39887.05,99914.4622133831
2024-01-24 15:08:00,39893.25,99878.95183089568
2024-01-24 15:09:00,39947.25,99743.71240147357
2024-01-24 15:10:00,39942.45,99711.78100522954
2024-01-24 15:11:00,39934.45,99691.80991562332
2024-01-24 15:12:00,39959.95,99755.46776374315
2024-01-24 15:13:00,40003.65,99864.55984071712
2024-01-24 15:14:00,40012.25,99886.02876204379
2024-01-24 15:15:00,40000.85,99857.56995935494
2024-01-24 15:16:00,39991.75,99834.85284492787
2024-01-24 15:17:00,39973.75,99789.91789331388
2024-01-24 15:18:00,39966.15,99770.94535818798
2024-01-24 15:19:00,39968.55,99745.00104049985
2024-01-24 15:20:00,39995.85,99676.8633274873
2024-01-24 15:21:00,40007.95,99687.07730352307
2024-01-24 15:22:00,40001.45,99670.88137240255
2024-01-24 15:23:00,40027.25,99735.16676054243
2024-01-24 15:24:00,39962.45,99573.70578567947
2024-01-24 15:25:00,39945.05,99597.13763523873
2024-01-24 15:26:00,39959.15,99562.01194965819
2024-01-24 15:27:00,39998.55,99463.85932470266
2024-01-24 15:28:00,39999.95,99447.44721784117
2024-01-24 15:29:00,40011.05,99475.04391894
2024-01-24 15:30:00,39990.15,99423.08256281698
2024-01-24 15:31:00,39997.05,99386.04667115718
2024-01-24 15:32:00,39995.15,99361.44922065572
2024-01-24 15:33:00,39985.55,99337.59958107397
2024-01-24 15:34:00,39937.45,99218.10294941952
2024-01-24 15:35:00,39992.75,99060.90294426116
2024-01-24 15:36:00,40019.55,99107.46032396678
2024-01-24 15:37:00,40032.55,99139.65451366187
2024-01-24 15:38:00,40036.05,99148.32218011822
2024-01-24 15:39:00,40041.35,99161.44750360929
2024-01-24 15:40:00,40037.25,99151.29395147468
2024-01-24 15:41:00,40088.65,99278.58482457676
2024-01-24 15:42:00,40099.55,99305.57841439801
2024-01-24 15:43:00,40071.65,99236.48473036013
2024-01-24 15:44:00,40089.45,99280.56600548106
2024-01-24 15:45:00,40087.05,99274.62246276814
2024-01-24 15:46:00,40100.05,99306.81665246321
2024-01-24 15:47:00,40077.75,99251.5912347555
2024-01-24 15:48:00,40090.65,99283.53777683755
2024-01-24 15:49:00,40106.85,99323.65669014986
2024-01-24 15:50:00,40081.45,99260.75419643793
2024-01-24 15:51:00,40077.35,99251.05356702281
2024-01-24 15:52:00,40049.25,99320.62862849093
2024-01-24 15:53:00,40037.95,99348.60721192829
2024-01-24 15:54:00,40031.15,99365.4438816074
2024-01-24 15:55:00,40014.25,99407.28795772168
2024-01-24 15:56:00,40034.55,99357.02554676784
2024-01-24 15:57:00,40027.65,99374.10981453047
2024-01-24 15:58:00,40040.65,99341.92206367334
2024-01-24 15:59:00,40046.75,99326.81858057884
2024-01-24 16:00:00,40027.95,99260.33343572
2024-01-24 16:01:00,40022.65,99253.62155111201
2024-01-24 16:02:00,40040.55,99209.24244559933
2024-01-24 16:03:00,40062.55,99243.8995191564
2024-01-24 16:04:00,40043.85,99197.57543541714
2024-01-24 16:05:00,40010.05,99113.84527336436
2024-01-24 16:06:00,40000.75,99117.05607735671
2024-01-24 16:07:00,39997.95,99123.99091655368
2024-01-24 16:08:00,39984.05,99158.41743970997
2024-01-24 16:09:00,39997.35,99125.47695352446
2024-01-24 16:10:00,39972.05,99188.13817912548
2024-01-24 16:11:00,39961.35,99214.63917177099
2024-01-24 16:12:00,39982.85,99161.38951365153
2024-01-24 16:13:00,39997.15,99125.97229918138
2024-01-24 16:14:00,39978.95,99061.05059466255
2024-01-24 16:15:00,39949.75,99113.57655652733
2024-01-24 16:16:00,39980.55,99037.27464909243
2024-01-24 16:17:00,39993.95,99050.65418284589
2024-01-24 16:18:00,40000.35,99066.50468490359
2024-01-24 16:19:00,39961.15,98969.42035980024
2024-01-24 16:20:00,39927.05,99034.06304131316
2024-01-24 16:21:00,39923.35,99043.22478010097
2024-01-24 16:22:00,39950.05,98977.11169209168
2024-01-24 16:23:00,39971.55,98923.87456129769
2024-01-24 16:24:00,39993.35,98958.0308809225
2024-01-24 16:25:00,39991.55,98953.57702908
2024-01-24 16:26:00,39989.35,98948.13343238358
2024-01-24 16:27:00,39999.95,98974.36167101169
2024-01-24 16:28:00,40024.95,99036.22072437989
2024-01-24 16:29:00,40044.45,99084.47078600709
2024-01-24 16:30:00,40069.95,99147.56702044266
2024-01-24 16:31:00,40052.75,99105.00799172533
2024-01-24 16:32:00,40031.65,99052.79895068258
2024-01-24 16:33:00,40035.95,99063.4387078619
2024-01-24 16:34:00,39989.05,98947.39112374317
2024-01-24 16:35:00,39960.05,98999.34379612516
2024-01-24 16:36:00,39961.55,98995.6329952317
2024-01-24 16:37:00,39969.85,98975.09989695462
2024-01-24 16:38:00,39977.15,98957.04066593981
2024-01-24 16:39:00,39953.75,99014.92915987766
2024-01-24 16:40:00,39951.95,99019.38212094981
2024-01-24 16:41:00,39959.25,99001.322889935
2024-01-24 16:42:00,39944.65,99037.4413519646
2024-01-24 16:43:00,39972.95,98967.43090844149
2024-01-24 16:44:00,39991.05,98992.4415269692
2024-01-24 16:45:00,40017.65,99058.28623333767
2024-01-24 16:46:00,40019.35,99062.49435366949
2024-01-24 16:47:00,40032.65,99095.41670685374
2024-01-24 16:48:00,40092.25,99242.94845495756
2024-01-24 16:49:00,40082.95,99219.92756137758
2024-01-24 16:50:00,40093.35,99245.67135634873
2024-01-24 16:51:00,40099.95,99262.0087646958
2024-01-24 16:52:00,40128.55,99332.80420086643
2024-01-24 16:53:00,40136.65,99352.8546565651
2024-01-24 16:54:00,40145.15,99373.8952582242
2024-01-24 16:55:00,40156.25,99401.37180862609
2024-01-24 16:56:00,40156.25,99401.37180862609
2024-01-24 16:57:00,40176.25,99450.87910664751
2024-01-24 16:58:00,40162.75,99417.46168048304
2024-01-24 16:59:00,40185.95,99474.89014618788
2024-01-24 17:00:00,40138.85,99358.30045934745
2024-01-24 17:01:00,40144.95,99323.33209330423
2024-01-24 17:02:00,40140.45,99334.46900753063
2024-01-24 17:03:00,40121.15,99382.23399521278
2024-01-24 17:04:00,40145.55,99321.84717140735
2024-01-24 17:05:00,40124.85,99373.07697684884
2024-01-24 17:06:00,40110.95,99407.47766745932
2024-01-24 17:07:00,40091.55,99455.49014212425
2024-01-24 17:08:00,40086.25,99468.60695221314
2024-01-24 17:09:00,40088.35,99463.40972557415
2024-01-24 17:10:00,40114.95,99397.57818814694
2024-01-24 17:11:00,40135.65,99346.34838270546
2024-01-24 17:12:00,40122.95,99295.04954144516
2024-01-24 17:13:00,40102.65,99244.81172229949
2024-01-24 17:14:00,40083.45,99272.46882962852
2024-01-24 17:15:00,40057.85,99335.81025585982
2024-01-24 17:16:00,40055.05,99342.73822435386
2024-01-24 17:17:00,40061.35,99327.15029524226
2024-01-24 17:18:00,40069.35,99307.35609954498
2024-01-24 17:19:00,40067.05,99313.04693080793
2024-01-24 17:20:00,40055.95,99340.51137733793
2024-01-24 17:21:00,40059.55,99331.60398927414
2024-01-24 17:22:00,40095.95,99241.54039885152
2024-01-24 17:23:00,40120.45,99282.31994610935
2024-01-24 17:24:00,40129.95,99305.8287063423
2024-01-24 17:25:00,40113.65,99265.49262299525
2024-01-24 17:26:00,40088.05,99202.14270068331
2024-01-24 17:27:00,40055.05,99120.48069145306
2024-01-24 17:28:00,40054.35,99102.38847330812
2024-01-24 17:29:00,40081.45,99035.34005385208
2024-01-24 17:30:00,40081.25,99035.83487613588
2024-01-24 17:31:00,40067.05,99070.96725828627
2024-01-24 17:32:00,40097.25,98996.2490934312
2024-01-24 17:33:00,40060.35,98885.36551739988
2024-01-24 17:34:00,40070.35,98840.90928187163
2024-01-24 17:35:00,40069.85,98842.14323999287
2024-01-24 17:36:00,40112.75,98736.26963319062
2024-01-24 17:37:00,40147.85,98802.90264328259
2024-01-24 17:38:00,40185.35,98895.18925014007
2024-01-24 17:39:00,40178.55,98878.45461209658
2024-01-24 17:40:00,40178.55,98878.45461209658
2024-01-24 17:41:00,40181.65,98886.08363826347
2024-01-24 17:42:00,40168.65,98854.09094788622
2024-01-24 17:43:00,40169.25,98855.56753359592
2024-01-24 17:44:00,40173.25,98865.41143832738
2024-01-24 17:45:00,40137.25,98776.81629574421
2024-01-24 17:46:00,40125.15,98786.83278873538
2024-01-24 17:47:00,40128.35,98778.95923997497
2024-01-24 17:48:00,40116.85,98807.25480583271
2024-01-24 17:49:00,40096.35,98857.69472757912
2024-01-24 17:50:00,40072.05,98917.48448847851
2024-01-24 17:51:00,40124.45,98788.55512752674
2024-01-24 17:52:00,40100.25,98848.09884002736
2024-01-24 17:53:00,40083.85,98888.45077742448
2024-01-24 17:54:00,40079.95,98898.04666497625
2024-01-24 17:55:00,40088.95,98875.90230908759
2024-01-24 17:56:00,40072.85,98915.51610128842
2024-01-24 17:57:00,40082.25,98892.3875518047
2024-01-24 17:58:00,40113.65,98815.12835459312
2024-01-24 17:59:00,40131.05,98838.21955327534
2024-01-24 18:00:00,40125.55,98824.67367776141
2024-01-24 18:01:00,40108.95,98783.78976257393
2024-01-24 18:02:00,40108.15,98781.81945340827
2024-01-24 18:03:00,40129.15,98833.5400690069
2024-01-24 18:04:00,40113.75,98795.6116175679
2024-01-24 18:05:00,40101.15,98764.57924820874
2024-01-24 18:06:00,40080.85,98794.81292811876
2024-01-24 18:07:00,40052.55,98864.49867491669
2024-01-24 18:08:00,40009.75,98969.88913297151
2024-01-24 18:09:00,39990.25,99017.90581362732
2024-01-24 18:10:00,39982.75,99036.37376772572
2024-01-24 18:11:00,39967.25,99074.54087286239
2024-01-24 18:12:00,39987.15,99025.53923465466
2024-01-24 18:13:00,39900.35,99239.27502342004
2024-01-24 18:14:00,39880.45,99288.27666162777
2024-01-24 18:15:00,39900.55,99238.78254464407
2024-01-24 18:16:00,39923.65,99181.90124602104
2024-01-24 18:17:00,39926.05,99175.99150070954
2024-01-24 18:18:00,39862.15,99333.33846962784
2024-01-24 18:19:00,39851.55,99359.43984475356
2024-01-24 18:20:00,39823.75,99427.8943946116
2024-01-24 18:21:00,39763.85,99575.39178801076
2024-01-24 18:22:00,39669.95,99806.61057332261
2024-01-24 18:23:00,39666.65,99814.7364731259
2024-01-24 18:24:00,39625.15,99916.92581913699
2024-01-24 18:25:00,39709.95,99708.1148181312
2024-01-24 18:26:00,39726.65,99666.99284033876
2024-01-24 18:27:00,39757.25,99591.64358761733
2024-01-24 18:28:00,39752.05,99558.70189910138
2024-01-24 18:29:00,39762.15,99583.99727101756
2024-01-24 18:30:00,39739.55,99527.39574573976
2024-01-24 18:31:00,39835.05,99766.57475742254
2024-01-24 18:32:00,39762.75,99585.49996637892
2024-01-24 18:33:00,39779.95,99628.5772334045
2024-01-24 18:34:00,39783.95,99638.59520248022
2024-01-24 18:35:00,39845.55,99792.8719262463
2024-01-24 18:36:00,39840.15,99779.34766799408
2024-01-24 18:37:00,39831.95,99758.81083138884
2024-01-24 18:38:00,39839.25,99777.09362495203
2024-01-24 18:39:00,39816.55,99720.24165044734
2024-01-24 18:40:00,39825.25,99742.03073318701
2024-01-24 18:41:00,39874.95,99866.50399895282
2024-01-24 18:42:00,39851.25,99807.1475321792
2024-01-24 18:43:00,39875.45,99867.75624508728
2024-01-24 18:44:00,39851.65,99808.14932908677
2024-01-24 18:45:00,39817.65,99722.99659194316
2024-01-24 18:46:00,39814.75,99710.31356759915
2024-01-24 18:47:00,39767.95,99827.50036373742
2024-01-24 18:48:00,39772.95,99814.98040688505
2024-01-24 18:49:00,39765.55,99833.50994302655
2024-01-24 18:50:00,39787.55,99778.42213287608
2024-01-24 18:51:00,39800.05,99747.12224074514
2024-01-24 18:52:00,39783.65,99788.18769922094
2024-01-24 18:53:00,39779.35,99798.954862114
2024-01-24 18:54:00,39770.05,99822.2419818594
2024-01-24 18:55:00,39766.55,99831.00595165607
2024-01-24 18:56:00,39754.35,99861.5546463759
2024-01-24 18:57:00,39731.65,99918.39525048569
2024-01-24 18:58:00,39745.75,99883.08897216198
2024-01-24 18:59:00,39757.95,99852.54027744218
2024-01-24 19:00:00,39790.25,99771.6613561758
2024-01-24 19:01:00,39759.95,99675.74678935403
2024-01-24 19:02:00,39736.95,99713.45969206162
2024-01-24 19:03:00,39778.05,99610.44512945767
2024-01-24 19:04:00,39797.85,99640.09541404487
2024-01-24 19:05:00,39814.95,99682.90791852892
2024-01-24 19:06:00,39835.45,99734.2328508051
2024-01-24 19:07:00,39809.95,99670.38964236398
2024-01-24 19:08:00,39787.15,99613.30630305194
2024-01-24 19:09:00,39779.05,99593.02669566477
2024-01-24 19:10:00,39787.15,99552.83253885995
2024-01-24 19:11:00,39827.95,99450.70383518087
2024-01-24 19:12:00,39803.65,99370.14853909519
2024-01-24 19:13:00,39812.35,99391.86816260433
2024-01-24 19:14:00,39811.75,99390.37025753473
2024-01-24 19:15:00,39829.05,99433.55985370811
2024-01-24 19:16:00,39805.95,99375.89050852862
2024-01-24 19:17:00,39794.75,99347.92961389615
2024-01-24 19:18:00,39776.05,99374.73539903421
2024-01-24 19:19:00,39775.15,99376.98180726708
2024-01-24 19:20:00,39781.35,99361.50655055173
2024-01-24 19:21:00,39793.35,99331.55444078008
2024-01-24 19:22:00,39781.05,99362.25535329602
2024-01-24 19:23:00,39758.15,99419.41396277693
2024-01-24 19:24:00,39739.45,99466.08933383778
2024-01-24 19:25:00,39749.65,99440.63004053185
2024-01-24 19:26:00,39746.05,99449.61567346336
2024-01-24 19:27:00,39737.45,99471.08135213306
2024-01-24 19:28:00,39722.15,99509.2702920919
2024-01-24 19:29:00,39736.45,99473.5773612807
2024-01-24 19:30:00,39767.55,99395.95147678912
2024-01-24 19:31:00,39780.75,99409.05807903521
2024-01-24 19:32:00,39753.75,99341.58713974588
2024-01-24 19:33:00,39747.25,99325.3441358429
2024-01-24 19:34:00,39756.25,99282.99325198191
2024-01-24 19:35:00,39737.55,99216.44661955275
2024-01-24 19:36:00,39731.15,99212.57961113477
2024-01-24 19:37:00,39738.95,99193.10851878069
2024-01-24 19:38:00,39726.65,99223.81293364675
2024-01-24 19:39:00,39743.95,99180.62704932292
2024-01-24 19:40:00,39740.55,99189.11444855419
2024-01-24 19:41:00,39672.85,99358.11354501224
2024-01-24 19:42:00,39672.95,99357.8639156231
2024-01-24 19:43:00,39663.55,99381.32907820366
2024-01-24 19:44:00,39676.45,99349.12688700267
2024-01-24 19:45:00,39709.15,99267.49807674892
2024-01-24 19:46:00,39666.15,99140.17189849862
2024-01-24 19:47:00,39640.95,99183.31525573057
2024-01-24 19:48:00,39675.75,99096.3547625526
2024-01-24 19:49:00,39681.95,99080.86180112434
2024-01-24 19:50:00,39709.95,99130.94414125166
2024-01-24 19:51:00,39692.65,99087.75684603615
2024-01-24 19:52:00,39687.05,99073.77714353865
2024-01-24 19:53:00,39693.75,99090.50285902673
2024-01-24 19:54:00,39728.95,99178.37527472536
2024-01-24 19:55:00,39752.25,99236.5408226168
2024-01-24 19:56:00,39776.55,99297.20274595422
2024-01-24 19:57:00,39822.35,99411.53674138027
2024-01-24 19:58:00,39807.05,99373.34219705673
2024-01-24 19:59:00,39797.45,99349.37699277526
2024-01-24 20:00:00,39807.15,99373.59183460132
2024-01-24 20:01:00,39830.75,99432.50629512654
2024-01-24 20:02:00,39910.85,99632.46596834985
2024-01-24 20:03:00,39921.35,99658.67791053269
2024-01-24 20:04:00,39875.35,99543.84464001741
2024-01-24 20:05:00,39884.95,99567.80984429886
2024-01-24 20:06:00,39897.45,99599.01453737366
2024-01-24 20:07:00,39911.85,99634.96234379584
2024-01-24 20:08:00,39943.35,99713.59817034432
2024-01-24 20:09:00,39963.85,99764.773866987
2024-01-24 20:10:00,39962.35,99761.02930381802
2024-01-24 20:11:00,39951.25,99733.3195363676
2024-01-24 20:12:00,39960.65,99756.78546555986
2024-01-24 20:13:00,39939.05,99702.8637559266
2024-01-24 20:14:00,39924.75,99667.16558704904
2024-01-24 20:15:00,39908.15,99688.66369836849
2024-01-24 20:16:00,39895.45,99720.36132573886
2024-01-24 20:17:00,39890.65,99732.34153135914
2024-01-24 20:18:00,39882.85,99751.80936549212
2024-01-24 20:19:00,39894.45,99722.85720190975
2024-01-24 20:20:00,39883.85,99749.31348932123
2024-01-24 20:21:00,39868.95,99786.50204426757
2024-01-24 20:22:00,39843.15,99850.89564947665
2024-01-24 20:23:00,39810.55,99932.2612126478
2024-01-24 20:24:00,39833.05,99876.10399880268
2024-01-24 20:25:00,39837.45,99865.12214365075
2024-01-24 20:26:00,39819.15,99910.79667757812
2024-01-24 20:27:00,39849.15,99835.92039245127
2024-01-24 20:28:00,39852.65,99827.18482585314
2024-01-24 20:29:00,39864.75,99837.52270258493
2024-01-24 20:30:00,39834.35,99761.38875742891
2024-01-24 20:31:00,39806.85,99810.29387293705
2024-01-24 20:32:00,39804.75,99815.55207387687
2024-01-24 20:33:00,39773.55,99893.67391641141
2024-01-24 20:34:00,39746.95,99960.27779498254
2024-01-24 20:35:00,39725.95,100012.85980438079
2024-01-24 20:36:00,39757.75,99933.23561872057
2024-01-24 20:37:00,39761.75,99923.21999788281
2024-01-24 20:38:00,39767.75,99908.19656662617
2024-01-24 20:39:00,39779.35,99879.15126619666
2024-01-24 20:40:00,39730.05,99735.41631597308
2024-01-24 20:41:00,39709.45,99767.17162589073
2024-01-24 20:42:00,39689.45,99817.36812412454
2024-01-24 20:43:00,39706.05,99775.70503059046
2024-01-24 20:44:00,39718.45,99744.58320168551
2024-01-24 20:45:00,39666.55,99874.84311460223
2024-01-24 20:46:00,39669.35,99867.81560484951
2024-01-24 20:47:00,39624.05,99981.51067334908
2024-01-24 20:48:00,39647.35,99923.03175290671
2024-01-24 20:49:00,39582.95,100084.66447721957
2024-01-24 20:50:00,39593.75,100057.55836817331
2024-01-24 20:51:00,39649.25,99918.2630855745
2024-01-24 20:52:00,39676.45,99849.99584797652
2024-01-24 20:53:00,39630.15,99713.53029043919
2024-01-24 20:54:00,39659.55,99619.62895755326
2024-01-24 20:55:00,39536.85,99291.56023921122
2024-01-24 20:56:00,39516.95,99321.66814521946
2024-01-24 20:57:00,39547.15,99245.84001530519
2024-01-24 20:58:00,39660.75,98960.60572529661
2024-01-24 20:59:00,39547.95,98659.41388844904
2024-01-24 21:00:00,39621.55,98456.11040219714
2024-01-24 21:01:00,39606.95,98400.14670415274
2024-01-24 21:02:00,39670.05,98556.91336396958
2024-01-24 21:03:00,39629.25,98455.54918456344
2024-01-24 21:04:00,39658.65,98528.59101972374
2024-01-24 21:05:00,39641.85,98486.85282820357
2024-01-24 21:06:00,39664.85,98543.9943999276
2024-01-24 21:07:00,39699.95,98631.19740721081
2024-01-24 21:08:00,39673.25,98564.86349568769
2024-01-24 21:09:00,39651.45,98510.70322335794
2024-01-24 21:10:00,39625.55,98555.33459203113
2024-01-24 21:11:00,39645.15,98506.64977416895
2024-01-24 21:12:00,39653.55,98485.78485222801
2024-01-24 21:13:00,39663.25,98461.6908352248
2024-01-24 21:14:00,39692.05,98513.47850832046
2024-01-24 21:15:00,39678.65,98480.22044752461
2024-01-24 21:16:00,39660.85,98436.04182945252
2024-01-24 21:17:00,39651.75,98438.93580195017
2024-01-24 21:18:00,39643.25,98460.0281137458
2024-01-24 21:19:00,39663.05,98410.89543450423
2024-01-24 21:20:00,39662.35,98389.47678156373
2024-01-24 21:21:00,39677.95,98428.17534172953
2024-01-24 21:22:00,39682.95,98440.57872639806
2024-01-24 21:23:00,39667.55,98402.376301619
2024-01-24 21:24:00,39663.95,98391.62447723265
2024-01-24 21:25:00,39675.95,98361.86230765282
2024-01-24 21:26:00,39672.25,98333.018986474
2024-01-24 21:27:00,39735.25,98489.17297814696
2024-01-24 21:28:00,39726.45,98467.3609920085
2024-01-24 21:29:00,39719.55,98450.25841196814
2024-01-24 21:30:00,39747.45,98519.41232256616
2024-01-24 21:31:00,39733.95,98485.95075292196
2024-01-24 21:32:00,39725.25,98464.38663026236
2024-01-24 21:33:00,39722.95,98458.68577024889
2024-01-24 21:34:00,39707.15,98419.52334059124
2024-01-24 21:35:00,39684.95,98454.85412308849
2024-01-24 21:36:00,39684.85,98455.10193699463
2024-01-24 21:37:00,39658.65,98520.02918040598
2024-01-24 21:38:00,39652.75,98534.65020086885
2024-01-24 21:39:00,39666.35,98500.94750963243
2024-01-24 21:40:00,39661.05,98514.08164665838
2024-01-24 21:41:00,39696.55,98426.10770997505
2024-01-24 21:42:00,39695.75,98404.43931513485
2024-01-24 21:43:00,39731.55,98493.1863202294
2024-01-24 21:44:00,39751.95,98543.75723933354
2024-01-24 21:45:00,39731.95,98494.1779068785
2024-01-24 21:46:00,39744.95,98526.40447297427
2024-01-24 21:47:00,39734.15,98499.63163344856
2024-01-24 21:48:00,39730.85,98491.45104359346
2024-01-24 21:49:00,39742.15,98519.46336643059
2024-01-24 21:50:00,39718.95,98461.9513407827
2024-01-24 21:51:00,39717.65,98445.48096259279
2024-01-24 21:52:00,39738.85,98392.93738100892
2024-01-24 21:53:00,39745.85,98390.5872469619
2024-01-24 21:54:00,39764.75,98437.37407122074
2024-01-24 21:55:00,39758.85,98422.76866047327
2024-01-24 21:56:00,39753.85,98410.39119373813
2024-01-24 21:57:00,39767.05,98443.0677059189
2024-01-24 21:58:00,39767.25,98443.5628045883
2024-01-24 21:59:00,39788.05,98495.0530662065
2024-01-24 22:00:00,39753.25,98408.90589772991
2024-01-24 22:01:00,39770.75,98345.91164720409
2024-01-24 22:02:00,39778.95,98346.51553461087
2024-01-24 22:03:00,39798.55,98394.97311593161
2024-01-24 22:04:00,39790.65,98375.44174386867
2024-01-24 22:05:00,39770.95,98326.73692999016
2024-01-24 22:06:00,39764.45,98323.13848483525
2024-01-24 22:07:00,39773.35,98301.13918793423
2024-01-24 22:08:00,39775.15,98296.68989193178
2024-01-24 22:09:00,39799.75,98235.88284656494
2024-01-24 22:10:00,39821.05,98268.79896046281
2024-01-24 22:11:00,39823.15,98273.98125670604
2024-01-24 22:12:00,39805.95,98231.53578271376
2024-01-24 22:13:00,39867.85,98384.29013388364
2024-01-24 22:14:00,39874.15,98399.83702261337
2024-01-24 22:15:00,39848.35,98336.16881162496
2024-01-24 22:16:00,39846.15,98330.73973937014
2024-01-24 22:17:00,39854.25,98350.72859630836
2024-01-24 22:18:00,39829.05,98288.54104138944
2024-01-24 22:19:00,39833.45,98258.02736030043
2024-01-24 22:20:00,39840.95,98239.52286107188
2024-01-24 22:21:00,39870.85,98165.75159081406
2024-01-24 22:22:00,39885.95,98183.28861340297
2024-01-24 22:23:00,39852.85,98101.80962511
2024-01-24 22:24:00,39866.95,98047.48763284711
2024-01-24 22:25:00,39877.55,98053.9422186837
2024-01-24 22:26:00,39867.25,98028.61579805725
2024-01-24 22:27:00,39860.05,98010.91189237662
2024-01-24 22:28:00,39848.45,97982.38893322449
2024-01-24 22:29:00,39842.25,97978.0344363235
2024-01-24 22:30:00,39862.05,97929.3584328499
2024-01-24 22:31:00,39870.95,97907.47881512693
2024-01-24 22:32:00,39868.15,97881.02298824077
2024-01-24 22:33:00,39816.85,97755.07542159178
2024-01-24 22:34:00,39832.65,97696.74129620058
2024-01-24 22:35:00,39846.75,97662.13105219253
2024-01-24 22:36:00,39846.85,97661.88558946906
2024-01-24 22:37:00,39853.45,97645.68504972063
2024-01-24 22:38:00,39858.15,97637.66916771847
2024-01-24 22:39:00,39858.15,97637.66916771847
2024-01-24 22:40:00,39805.05,97507.59388241783
2024-01-24 22:41:00,39789.15,97527.03367055045
2024-01-24 22:42:00,39791.75,97520.66590967223
2024-01-24 22:43:00,39820.05,97451.35528165163
2024-01-24 22:44:00,39825.55,97437.88501825542
2024-01-24 22:45:00,39825.55,97437.88501825542
2024-01-24 22:46:00,39786.75,97532.9116036688
2024-01-24 22:47:00,39785.05,97537.07513962763
2024-01-24 22:48:00,39780.05,97549.32083362421
2024-01-24 22:49:00,39780.05,97549.32083362421
2024-01-24 22:50:00,39796.55,97508.91004343552
2024-01-24 22:51:00,39808.15,97480.50003336348
2024-01-24 22:52:00,39808.95,97462.96254743826
2024-01-24 22:53:00,39839.25,97537.14505577339
2024-01-24 22:54:00,39846.55,97555.01740926667
2024-01-24 22:55:00,39846.75,97555.50706278703
2024-01-24 22:56:00,39847.55,97557.4656768685
2024-01-24 22:57:00,39865.45,97601.28966694104
2024-01-24 22:58:00,39867.65,97606.67585566505
2024-01-24 22:59:00,39872.55,97618.67236691398
2024-01-24 23:00:00,39844.45,97549.87604730284
2024-01-24 23:01:00,39836.55,97549.70351788493
2024-01-24 23:02:00,39864.75,97480.6761797429
2024-01-24 23:03:00,39892.85,97529.87881119308
2024-01-24 23:04:00,39898.05,97542.59175022396
2024-01-24 23:05:00,39907.85,97566.55075070524
2024-01-24 23:06:00,39935.45,97634.02711940762
2024-01-24 23:07:00,39951.45,97673.14385488727
2024-01-24 23:08:00,39956.85,97686.34575311164
2024-01-24 23:09:00,39976.05,97733.28583568723
2024-01-24 23:10:00,40005.55,97805.40731672783
2024-01-24 23:11:00,39994.05,97777.29216310183
2024-01-24 23:12:00,39972.55,97724.72904980106
2024-01-24 23:13:00,39978.35,97738.90886641241
2024-01-24 23:14:00,39991.05,97769.9577751994
2024-01-24 23:15:00,39983.05,97750.39940745957
2024-01-24 23:16:00,40022.05,97845.7464501912
2024-01-24 23:17:00,40007.25,97809.56346987253
2024-01-24 23:18:00,40020.65,97842.32373583673
2024-01-24 23:19:00,40060.15,97938.8931765521
2024-01-24 23:20:00,40113.85,98070.17872000564
2024-01-24 23:21:00,40108.95,98058.199219765
2024-01-24 23:22:00,40120.45,98086.314373391
2024-01-24 23:23:00,40109.25,98058.93265855525
2024-01-24 23:24:00,40098.55,98032.77334170324
2024-01-24 23:25:00,40127.65,98103.91690435684
2024-01-24 23:26:00,40143.75,98143.27811943323
2024-01-24 23:27:00,40120.95,98087.53677137474
2024-01-24 23:28:00,40098.85,98033.50678049348
2024-01-24 23:29:00,40109.95,97986.76827134543
2024-01-24 23:30:00,40100.95,98008.76703441999
2024-01-24 23:31:00,40113.65,97977.72433541476
2024-01-24 23:32:00,40105.05,97998.745375686
2024-01-24 23:33:00,40107.45,97992.87903886614
2024-01-24 23:34:00,40109.85,97987.01270204625
2024-01-24 23:35:00,40107.75,97992.14574676365
2024-01-24 23:36:00,40113.95,97976.9910433123
2024-01-24 23:37:00,40131.45,98000.13026544866
2024-01-24 23:38:00,40135.35,98009.65398083984
2024-01-24 23:39:00,40126.95,97989.14136307423
2024-01-24 23:40:00,40125.85,97986.45518693826
2024-01-24 23:41:00,40131.65,98000.61866110975
2024-01-24 23:42:00,40135.25,98009.40978300931
2024-01-24 23:43:00,40129.95,97996.46729799052
2024-01-24 23:44:00,40151.45,98048.96983155726
2024-01-24 23:45:00,40126.0,97986.82148368408
2024-01-24 23:46:00,40148.25,97912.90096889499
2024-01-24 23:47:00,40139.85,97872.83670209059
2024-01-24 23:48:00,40149.95,97897.46349194384
2024-01-24 23:49:00,40156.85,97914.28773451685
2024-01-24 23:50:00,40154.75,97909.1673128642
2024-01-24 23:51:00,40145.55,97886.73498943352
2024-01-24 23:52:00,40134.65,97860.1575627602
2024-01-24 23:53:00,40112.05,97895.6800003163
2024-01-24 23:54:00,40136.15,97836.92881869884
2024-01-24 23:55:00,40098.15,97929.56553660189
2024-01-24 23:56:00,40088.35,97953.45605858741
2024-01-24 23:57:00,40063.55,98013.91370606098
2024-01-24 23:58:00,40079.55,97974.90877220705
